sex,isco08,wstatus,unit,age,geo,2008 ,2009 ,2010 ,2011 ,2012 ,2013 ,2014 ,2015 ,2016 ,2017 ,2018 ,2019 
F,OC1,EMP,PC,Y15-24,AT,48.8,51.4,,,,,,,,,,
F,OC1,EMP,PC,Y15-24,BE,46.7,37.2,46.1,38.8,43.3,31.9,43.9,50.8,47.9,37.1,48.1,
F,OC1,EMP,PC,Y15-24,BG,,,,,,,,,,,,
F,OC1,EMP,PC,Y15-24,CH,56.3,57.1,68.9,45.2,52.9,53.2,51.1,45.7,57.8,48.9,45.0,43.6
F,OC1,EMP,PC,Y15-24,CY,,,,,,,,,,,,
F,OC1,EMP,PC,Y15-24,CZ,49.0,39.5,60.0,38.9,38.9,34.5,52.9,52.4,53.8,,,50.0
F,OC1,EMP,PC,Y15-24,DE,49.0,45.4,48.4,50.3,33.5,39.3,37.9,37.8,43.4,40.8,39.3,38.8
F,OC1,EMP,PC,Y15-24,DK,,,,,,,,,,,,
F,OC1,EMP,PC,Y15-24,EA19,44.2,42.1,42.2,41.5,38.3,37.2,40.3,39.8,42.4,39.4,37.5,35.5
F,OC1,EMP,PC,Y15-24,EE,,,,,,,,,,,,
F,OC1,EMP,PC,Y15-24,EL,39.7,44.4,31.1,,,,,,,,,
F,OC1,EMP,PC,Y15-24,ES,43.5,38.1,43.0,36.7,47.5,38.8,30.2,35.7,,61.1,,37.5
F,OC1,EMP,PC,Y15-24,EU27_2020,42.8,41.9,42.0,42.0,37.8,37.5,39.3,40.2,43.8,40.3,38.7,39.7
F,OC1,EMP,PC,Y15-24,EU28,45.5,42.8,41.7,40.1,39.9,40.6,43.3,42.5,42.8,40.7,41.9,41.0
F,OC1,EMP,PC,Y15-24,FI,,,,,,,,,,,,
F,OC1,EMP,PC,Y15-24,FR,52.6,38.7,42.6,45.5,38.3,36.3,47.3,44.1,36.3,35.8,39.9,32.7
F,OC1,EMP,PC,Y15-24,HR,,,,,,,,,,,,
F,OC1,EMP,PC,Y15-24,HU,,54.9,,,,,,,,,,
F,OC1,EMP,PC,Y15-24,IE,53.6,48.1,50.0,54.5,,,45.7,47.8,40.4,,46.8,
F,OC1,EMP,PC,Y15-24,IS,,,,,,,,,,,,
F,OC1,EMP,PC,Y15-24,IT,31.1,40.6,34.8,20.4,20.9,31.2,33.8,25.7,47.6,43.9,,26.7
F,OC1,EMP,PC,Y15-24,LT,,,,,,,,,,,,
F,OC1,EMP,PC,Y15-24,LU,,,,,,,,,,,,
F,OC1,EMP,PC,Y15-24,LV,37.3,51.4,,,,,,,,,,
F,OC1,EMP,PC,Y15-24,ME,,,,,,,,,,,,
F,OC1,EMP,PC,Y15-24,MK,,,,,,,,,,,,
F,OC1,EMP,PC,Y15-24,MT,,,,,,,,,,,,
F,OC1,EMP,PC,Y15-24,NL,35.8,37.9,34.9,39.5,42.5,39.3,44.2,45.3,41.3,38.0,40.6,39.3
F,OC1,EMP,PC,Y15-24,NO,,83.3,75.0,38.9,34.8,52.2,45.5,47.5,62.8,,,
F,OC1,EMP,PC,Y15-24,PL,31.0,30.8,37.0,46.3,38.7,,,45.2,54.8,52.2,50.0,64.4
F,OC1,EMP,PC,Y15-24,PT,,,,,,,,,,,,
F,OC1,EMP,PC,Y15-24,RO,,,,,,,,,,,,
F,OC1,EMP,PC,Y15-24,RS,,,,,,,,,,,,
F,OC1,EMP,PC,Y15-24,SE,,,55.6,57.1,,,,37.0,39.3,38.7,,
F,OC1,EMP,PC,Y15-24,SI,,,,,,,,,,,50.0,
F,OC1,EMP,PC,Y15-24,SK,,,,,,,,,,,,
F,OC1,EMP,PC,Y15-24,TR,15.2,18.2,16.4,18.3,18.4,23.2,25.2,21.6,16.8,21.1,20.7,20.5
F,OC1,EMP,PC,Y15-24,UK,50.5,44.3,41.2,37.0,43.5,44.9,48.1,45.0,41.7,41.2,45.1,42.2
F,OC1,EMP,PC,Y15-39,AT,31.7,31.9,31.1,31.2,37.5,32.0,35.3,37.0,38.9,37.7,36.0,38.9
F,OC1,EMP,PC,Y15-39,BE,38.5,39.3,40.3,34.7,39.3,34.8,36.6,40.0,38.9,41.4,39.5,37.7
F,OC1,EMP,PC,Y15-39,BG,35.2,34.2,36.4,42.3,38.8,39.8,39.7,38.9,42.4,42.0,40.8,41.9
F,OC1,EMP,PC,Y15-39,CH,35.8,37.7,39.5,39.0,37.5,38.8,39.3,40.1,41.3,39.0,39.9,40.8
F,OC1,EMP,PC,Y15-39,CY,15.9,,13.7,16.3,14.7,27.8,27.0,34.3,33.3,26.3,18.8,25.6
F,OC1,EMP,PC,Y15-39,CZ,30.2,29.1,30.1,25.9,24.8,27.0,30.0,30.2,24.1,25.5,31.0,29.4
F,OC1,EMP,PC,Y15-39,DE,34.2,35.2,36.5,38.6,33.5,33.4,32.7,33.3,34.0,33.4,33.3,33.0
F,OC1,EMP,PC,Y15-39,DK,23.8,26.2,25.6,25.7,24.5,,31.6,26.9,23.3,24.3,23.5,19.0
F,OC1,EMP,PC,Y15-39,EA19,36.2,36.9,37.3,37.8,37.4,35.9,35.1,34.6,35.8,35.5,35.9,36.4
F,OC1,EMP,PC,Y15-39,EE,32.9,30.0,31.5,31.9,25.6,31.3,27.9,26.1,33.2,36.2,32.7,28.8
F,OC1,EMP,PC,Y15-39,EL,28.8,32.0,30.9,26.0,29.6,28.6,31.0,25.4,22.4,27.6,26.1,34.9
F,OC1,EMP,PC,Y15-39,ES,34.5,35.8,36.8,37.1,36.8,36.3,38.4,38.9,38.7,35.3,37.8,37.6
F,OC1,EMP,PC,Y15-39,EU27_2020,35.7,36.3,37.0,37.8,37.1,36.1,35.8,35.5,36.7,36.4,36.9,37.1
F,OC1,EMP,PC,Y15-39,EU28,36.7,37.0,37.5,37.4,36.8,35.9,36.3,35.9,36.6,36.7,37.6,37.6
F,OC1,EMP,PC,Y15-39,FI,28.9,29.0,27.3,30.4,29.7,30.1,29.4,31.0,30.4,31.5,32.0,36.1
F,OC1,EMP,PC,Y15-39,FR,42.4,41.6,41.3,43.5,44.3,40.4,36.0,33.4,35.9,35.9,38.3,39.4
F,OC1,EMP,PC,Y15-39,HR,25.7,21.2,25.6,26.3,27.4,28.2,26.5,28.1,38.8,31.9,23.6,24.2
F,OC1,EMP,PC,Y15-39,HU,32.5,33.9,36.6,38.0,37.7,40.5,43.4,41.0,33.6,35.1,35.8,33.2
F,OC1,EMP,PC,Y15-39,IE,47.2,46.3,45.2,40.3,38.8,40.2,43.4,42.0,43.0,45.8,44.9,41.7
F,OC1,EMP,PC,Y15-39,IS,34.7,30.4,42.4,47.6,47.7,42.6,38.5,42.9,36.4,39.1,46.2,47.6
F,OC1,EMP,PC,Y15-39,IT,35.7,36.3,36.4,29.5,26.2,31.9,29.5,30.1,31.5,32.5,30.9,31.0
F,OC1,EMP,PC,Y15-39,LT,38.1,37.1,39.1,34.9,35.9,35.9,38.5,38.0,36.7,35.0,34.0,34.9
F,OC1,EMP,PC,Y15-39,LU,25.0,26.1,25.0,38.5,,,30.0,,38.9,,41.2,30.8
F,OC1,EMP,PC,Y15-39,LV,40.1,40.9,35.6,38.2,43.5,43.3,40.7,37.4,45.7,40.7,34.1,35.8
F,OC1,EMP,PC,Y15-39,ME,,,,36.1,40.0,,,29.2,31.4,29.5,38.2,39.0
F,OC1,EMP,PC,Y15-39,MK,33.3,27.3,29.1,30.1,23.2,27.4,29.1,19.6,29.2,24.1,25.7,24.4
F,OC1,EMP,PC,Y15-39,MT,20.5,28.0,30.4,35.1,33.3,34.6,33.8,32.1,36.0,36.4,35.4,32.1
F,OC1,EMP,PC,Y15-39,NL,31.0,32.7,32.0,35.3,34.1,29.6,31.6,33.3,31.2,30.2,31.5,34.7
F,OC1,EMP,PC,Y15-39,NO,35.6,43.4,40.5,36.5,34.7,32.9,37.7,39.8,45.4,46.8,40.7,38.5
F,OC1,EMP,PC,Y15-39,PL,37.0,36.4,39.1,40.3,38.9,39.4,39.7,40.9,44.0,42.5,44.0,43.8
F,OC1,EMP,PC,Y15-39,PT,35.9,37.6,39.7,39.7,42.0,41.4,44.2,40.4,45.0,40.9,43.3,44.6
F,OC1,EMP,PC,Y15-39,RO,32.7,34.6,35.4,35.5,33.8,32.2,33.5,35.0,37.7,37.1,33.4,35.6
F,OC1,EMP,PC,Y15-39,RS,,,38.4,,,30.6,25.5,32.7,33.5,31.4,33.9,33.9
F,OC1,EMP,PC,Y15-39,SE,34.6,34.3,34.2,37.0,36.7,35.4,36.0,35.2,34.0,36.5,37.1,36.9
F,OC1,EMP,PC,Y15-39,SI,42.1,44.2,41.8,42.5,42.9,39.5,37.9,33.7,41.7,48.4,45.5,48.0
F,OC1,EMP,PC,Y15-39,SK,30.4,33.2,35.5,29.8,33.7,35.0,32.6,34.3,34.7,33.6,31.4,35.3
F,OC1,EMP,PC,Y15-39,TR,13.1,13.9,12.5,13.4,14.8,19.4,18.0,17.2,18.7,20.4,20.2,20.0
F,OC1,EMP,PC,Y15-39,UK,39.4,38.9,38.8,36.3,35.8,35.2,37.6,37.0,36.1,37.6,39.3,38.8
F,OC1,EMP,PC,Y15-59,AT,28.5,27.4,28.8,27.4,30.8,29.8,30.6,30.0,32.0,32.4,32.7,34.1
F,OC1,EMP,PC,Y15-59,BE,32.8,34.7,34.8,30.4,33.1,31.6,32.4,33.5,33.2,34.1,34.5,33.2
F,OC1,EMP,PC,Y15-59,BG,33.2,33.2,34.5,38.0,37.5,37.7,38.2,37.7,39.1,40.2,39.7,40.4
F,OC1,EMP,PC,Y15-59,CH,30.9,32.0,34.3,31.3,31.3,30.5,31.4,33.3,33.6,31.3,32.8,34.9
F,OC1,EMP,PC,Y15-59,CY,16.8,12.5,14.3,15.0,15.6,18.7,18.4,25.4,27.8,22.7,17.8,22.5
F,OC1,EMP,PC,Y15-59,CZ,28.9,30.1,28.8,26.5,26.9,27.9,28.6,30.6,26.6,24.7,27.6,28.2
F,OC1,EMP,PC,Y15-59,DE,29.8,30.2,30.5,31.0,29.0,29.4,29.1,29.6,29.5,29.4,29.7,29.6
F,OC1,EMP,PC,Y15-59,DK,24.2,25.2,22.3,28.6,28.3,27.0,26.8,26.5,27.5,26.5,26.4,26.9
F,OC1,EMP,PC,Y15-59,EA19,33.1,33.6,33.9,32.9,33.0,31.9,31.2,31.0,31.7,31.9,32.3,32.8
F,OC1,EMP,PC,Y15-59,EE,35.9,35.8,36.4,35.1,30.9,32.6,32.6,30.6,35.1,37.3,34.7,35.2
F,OC1,EMP,PC,Y15-59,EL,29.1,30.6,30.5,23.7,25.8,29.1,29.4,25.9,25.0,29.8,27.3,28.5
F,OC1,EMP,PC,Y15-59,ES,32.6,33.1,34.2,30.6,31.0,31.1,31.0,31.5,31.6,31.4,33.3,34.2
F,OC1,EMP,PC,Y15-59,EU27_2020,33.2,33.5,33.8,33.6,33.6,32.9,32.6,32.6,33.3,33.3,33.8,34.3
F,OC1,EMP,PC,Y15-59,EU28,33.8,34.2,34.5,33.9,33.9,33.3,33.4,33.4,34.1,34.2,34.7,35.1
F,OC1,EMP,PC,Y15-59,FI,30.0,30.2,30.7,32.2,30.1,30.4,33.9,33.8,34.1,31.7,32.3,36.7
F,OC1,EMP,PC,Y15-59,FR,38.6,38.4,38.8,40.1,39.9,36.7,33.4,32.2,33.5,33.7,35.1,35.5
F,OC1,EMP,PC,Y15-59,HR,25.5,24.7,24.6,23.0,27.2,26.2,23.9,27.6,32.5,29.7,30.7,27.2
F,OC1,EMP,PC,Y15-59,HU,36.6,36.6,37.4,41.4,39.8,41.8,40.7,41.3,40.4,40.7,40.4,40.2
F,OC1,EMP,PC,Y15-59,IE,40.8,40.4,40.0,34.0,34.0,34.3,34.3,35.8,36.9,37.3,37.0,36.7
F,OC1,EMP,PC,Y15-59,IS,33.8,33.8,34.6,42.2,41.3,38.4,38.0,40.1,35.6,34.1,42.9,44.7
F,OC1,EMP,PC,Y15-59,IT,33.9,34.6,33.5,26.0,26.7,28.7,28.2,27.7,28.2,28.5,27.9,28.9
F,OC1,EMP,PC,Y15-59,LT,40.8,39.4,41.3,39.3,39.2,39.3,39.7,39.4,38.6,39.4,38.7,38.2
F,OC1,EMP,PC,Y15-59,LU,26.7,20.9,25.5,24.7,19.0,15.4,23.3,19.1,18.8,20.4,26.4,26.5
F,OC1,EMP,PC,Y15-59,LV,43.4,43.6,40.9,44.6,45.0,44.3,44.1,43.9,47.1,46.0,44.3,45.6
F,OC1,EMP,PC,Y15-59,ME,,,,33.0,29.7,25.8,29.5,24.4,30.8,21.8,30.6,38.7
F,OC1,EMP,PC,Y15-59,MK,29.4,27.0,28.6,28.4,23.5,27.8,29.9,24.2,26.0,24.7,27.5,26.8
F,OC1,EMP,PC,Y15-59,MT,17.2,22.4,23.5,25.2,28.6,29.5,27.0,27.7,28.9,30.3,29.6,30.3
F,OC1,EMP,PC,Y15-59,NL,27.8,28.5,29.1,30.0,29.8,25.4,26.6,27.0,26.5,27.6,26.5,28.2
F,OC1,EMP,PC,Y15-59,NO,32.1,35.1,35.1,32.0,32.7,34.0,36.7,37.6,39.7,39.9,37.5,36.2
F,OC1,EMP,PC,Y15-59,PL,36.8,36.2,36.4,39.0,38.6,38.9,40.4,41.4,42.7,42.5,44.3,44.2
F,OC1,EMP,PC,Y15-59,PT,32.4,32.9,34.0,35.2,36.6,34.6,36.2,33.9,37.2,35.4,35.6,38.2
F,OC1,EMP,PC,Y15-59,RO,30.2,31.9,31.9,31.6,32.1,31.8,32.5,32.0,34.5,31.0,32.2,34.2
F,OC1,EMP,PC,Y15-59,RS,,,34.9,,,34.8,31.8,29.6,31.6,33.5,33.8,34.7
F,OC1,EMP,PC,Y15-59,SE,32.8,33.0,32.3,35.5,36.5,36.4,37.8,39.8,39.4,39.2,39.0,40.8
F,OC1,EMP,PC,Y15-59,SI,35.3,36.0,35.6,39.0,39.9,37.9,38.0,37.7,41.4,42.0,40.3,41.6
F,OC1,EMP,PC,Y15-59,SK,30.3,33.0,35.5,31.6,33.9,33.7,31.3,32.1,35.8,33.4,32.8,33.9
F,OC1,EMP,PC,Y15-59,TR,10.2,10.6,10.3,11.3,12.6,15.0,14.1,13.8,15.8,15.7,15.4,16.8
F,OC1,EMP,PC,Y15-59,UK,35.6,36.2,36.4,35.1,34.9,34.4,35.8,35.9,36.4,36.9,37.0,37.3
F,OC1,EMP,PC,Y15-64,AT,28.1,27.1,28.8,27.5,30.4,29.4,30.1,29.8,31.8,31.9,31.7,33.4
F,OC1,EMP,PC,Y15-64,BE,32.6,34.1,34.4,29.9,32.6,31.3,31.8,32.8,32.8,33.5,33.8,32.7
F,OC1,EMP,PC,Y15-64,BG,32.5,32.5,33.8,37.2,36.6,36.8,37.1,36.9,38.3,39.3,38.7,39.5
F,OC1,EMP,PC,Y15-64,CH,30.4,31.5,33.5,31.0,30.9,30.2,31.1,32.6,33.2,30.8,32.1,33.6
F,OC1,EMP,PC,Y15-64,CY,16.3,12.6,13.8,14.7,15.1,19.1,17.8,24.2,26.5,21.6,18.1,21.5
F,OC1,EMP,PC,Y15-64,CZ,28.2,29.3,28.1,25.9,26.4,27.4,28.1,29.8,25.9,24.6,27.0,27.5
F,OC1,EMP,PC,Y15-64,DE,29.3,29.8,30.1,30.4,28.6,29.0,29.1,29.4,29.5,29.4,29.6,29.6
F,OC1,EMP,PC,Y15-64,DK,23.9,25.1,22.0,28.2,29.0,27.1,26.7,26.7,27.9,26.8,26.5,27.6
F,OC1,EMP,PC,Y15-64,EA19,32.8,33.2,33.5,32.3,32.4,31.4,30.8,30.7,31.5,31.6,31.9,32.4
F,OC1,EMP,PC,Y15-64,EE,36.1,35.4,36.2,35.1,31.3,33.3,33.0,30.8,35.7,38.4,35.8,36.3
F,OC1,EMP,PC,Y15-64,EL,28.7,30.2,30.2,23.8,26.1,29.0,28.8,25.8,25.4,30.4,27.6,27.9
F,OC1,EMP,PC,Y15-64,ES,32.5,33.3,34.1,29.9,30.1,30.8,31.0,31.5,31.1,30.8,32.2,33.5
F,OC1,EMP,PC,Y15-64,EU27_2020,32.8,33.2,33.4,32.9,33.0,32.3,32.1,32.2,33.0,32.9,33.3,33.8
F,OC1,EMP,PC,Y15-64,EU28,33.4,33.8,34.0,33.4,33.4,32.8,32.9,33.1,33.8,33.9,34.2,34.7
F,OC1,EMP,PC,Y15-64,FI,29.8,29.8,30.7,32.2,30.0,29.8,34.2,33.8,34.3,31.5,32.4,37.1
F,OC1,EMP,PC,Y15-64,FR,38.4,38.1,38.5,39.6,39.6,36.2,32.9,32.0,33.3,33.6,34.7,35.1
F,OC1,EMP,PC,Y15-64,HR,25.6,25.0,25.8,24.0,26.1,25.0,23.2,26.5,30.4,29.1,29.9,26.1
F,OC1,EMP,PC,Y15-64,HU,36.5,36.4,36.6,40.6,39.0,41.1,40.1,40.8,39.5,39.4,39.0,39.4
F,OC1,EMP,PC,Y15-64,IE,40.3,39.9,39.5,33.9,33.6,33.6,33.9,35.2,36.8,36.8,36.7,36.0
F,OC1,EMP,PC,Y15-64,IS,32.9,34.0,34.3,41.5,41.4,38.7,37.9,39.3,35.4,33.2,42.4,42.9
F,OC1,EMP,PC,Y15-64,IT,33.8,34.2,33.0,25.4,26.5,27.8,27.4,27.1,28.2,28.2,27.6,28.4
F,OC1,EMP,PC,Y15-64,LT,40.8,39.8,41.5,39.2,39.2,39.5,38.7,39.6,38.9,39.1,39.3,38.9
F,OC1,EMP,PC,Y15-64,LU,27.4,19.8,25.3,24.7,17.7,16.4,21.5,18.0,17.6,18.6,25.9,25.7
F,OC1,EMP,PC,Y15-64,LV,42.8,43.7,41.4,45.3,45.4,44.2,44.5,43.9,47.2,46.3,45.0,45.8
F,OC1,EMP,PC,Y15-64,ME,,,,31.6,28.4,25.3,27.1,22.7,29.5,22.4,30.3,37.6
F,OC1,EMP,PC,Y15-64,MK,28.4,26.9,27.8,28.1,23.1,27.4,29.1,24.0,25.3,24.2,27.0,26.1
F,OC1,EMP,PC,Y15-64,MT,17.4,21.4,22.9,24.6,27.5,28.7,27.0,27.6,27.9,29.4,29.6,30.1
F,OC1,EMP,PC,Y15-64,NL,27.3,28.2,28.7,29.4,29.0,24.9,26.0,26.5,26.0,27.0,26.1,27.4
F,OC1,EMP,PC,Y15-64,NO,31.8,34.4,34.8,31.7,32.3,33.3,36.0,37.0,38.8,39.2,36.6,35.4
F,OC1,EMP,PC,Y15-64,PL,36.3,35.8,35.9,38.2,37.9,37.9,39.2,40.6,41.9,41.8,43.2,43.6
F,OC1,EMP,PC,Y15-64,PT,32.1,32.0,32.9,34.4,36.1,34.1,35.4,33.0,36.5,34.7,34.7,37.6
F,OC1,EMP,PC,Y15-64,RO,29.6,31.4,31.0,30.9,31.3,31.3,31.9,31.8,34.0,30.5,31.6,33.7
F,OC1,EMP,PC,Y15-64,RS,,,33.6,,,31.8,30.2,28.7,29.8,31.4,32.1,33.5
F,OC1,EMP,PC,Y15-64,SE,32.1,32.4,31.6,35.0,36.0,35.9,37.4,39.7,39.6,39.4,38.7,40.4
F,OC1,EMP,PC,Y15-64,SI,35.0,35.6,35.0,38.4,39.3,37.2,37.4,37.5,41.2,41.7,39.0,40.3
F,OC1,EMP,PC,Y15-64,SK,29.8,32.3,34.7,31.0,33.3,32.9,30.4,31.7,35.3,33.2,32.3,33.9
F,OC1,EMP,PC,Y15-64,TR,10.0,10.3,10.1,11.1,12.3,14.6,13.7,13.4,15.4,15.3,15.1,16.4
F,OC1,EMP,PC,Y15-64,UK,35.1,35.8,35.9,34.8,34.6,34.2,35.6,35.7,36.2,36.5,36.7,37.1
F,OC1,EMP,PC,Y15-74,AT,28.0,27.4,28.9,27.5,30.1,29.4,30.3,29.6,31.8,31.8,31.6,33.3
F,OC1,EMP,PC,Y15-74,BE,32.6,34.0,34.2,29.9,32.5,31.3,31.7,32.7,32.6,33.5,33.9,32.8
F,OC1,EMP,PC,Y15-74,BG,32.4,32.1,33.4,36.8,36.4,36.5,36.7,36.5,37.9,39.2,38.6,39.0
F,OC1,EMP,PC,Y15-74,CH,30.1,31.5,33.5,30.8,30.5,29.8,30.9,32.3,32.8,30.4,31.8,33.5
F,OC1,EMP,PC,Y15-74,CY,16.3,12.2,13.4,14.8,16.1,19.0,17.7,23.1,25.9,20.7,17.4,21.5
F,OC1,EMP,PC,Y15-74,CZ,28.1,29.0,27.8,25.8,26.2,27.2,27.9,29.5,25.3,24.7,26.9,26.8
F,OC1,EMP,PC,Y15-74,DE,29.2,29.6,29.9,30.3,28.6,28.9,29.0,29.3,29.3,29.2,29.4,29.5
F,OC1,EMP,PC,Y15-74,DK,23.6,24.6,21.9,27.8,28.3,26.8,26.0,26.4,27.4,26.3,26.1,26.7
F,OC1,EMP,PC,Y15-74,EA19,32.7,33.0,33.4,32.1,32.2,31.2,30.6,30.5,31.3,31.3,31.6,32.1
F,OC1,EMP,PC,Y15-74,EE,36.0,35.3,36.0,35.4,31.9,33.3,32.5,30.8,36.2,38.5,36.1,37.1
F,OC1,EMP,PC,Y15-74,EL,28.6,30.1,30.2,23.6,25.9,28.8,28.5,26.0,25.6,29.9,27.6,28.0
F,OC1,EMP,PC,Y15-74,ES,32.4,33.2,34.4,29.9,30.1,30.8,30.9,31.4,31.2,30.6,32.1,33.3
F,OC1,EMP,PC,Y15-74,EU27_2020,32.7,33.0,33.3,32.7,32.8,32.1,31.8,32.0,32.7,32.7,33.0,33.5
F,OC1,EMP,PC,Y15-74,EU28,33.2,33.6,33.9,33.2,33.2,32.6,32.7,32.8,33.6,33.6,33.9,34.4
F,OC1,EMP,PC,Y15-74,FI,29.5,29.7,30.4,32.0,29.7,29.6,33.6,33.4,34.1,31.3,31.9,36.9
F,OC1,EMP,PC,Y15-74,FR,38.4,38.1,38.5,39.4,39.3,36.0,32.7,31.8,33.1,33.4,34.4,34.6
F,OC1,EMP,PC,Y15-74,HR,25.5,25.2,25.8,23.9,26.1,24.5,22.8,26.5,29.9,29.2,30.2,26.5
F,OC1,EMP,PC,Y15-74,HU,36.5,36.2,36.5,40.4,38.9,40.8,39.8,40.5,39.4,39.3,38.6,38.9
F,OC1,EMP,PC,Y15-74,IE,39.9,39.6,39.2,33.7,33.1,33.3,33.7,34.8,36.2,36.2,36.1,35.4
F,OC1,EMP,PC,Y15-74,IS,32.7,33.3,34.5,40.0,40.0,37.3,37.4,37.9,34.0,32.5,41.2,41.8
F,OC1,EMP,PC,Y15-74,IT,33.5,33.8,32.9,25.1,26.1,27.1,26.7,26.7,27.9,27.7,27.2,28.2
F,OC1,EMP,PC,Y15-74,LT,40.2,39.2,41.1,39.1,38.9,39.7,38.7,39.6,38.9,39.2,39.3,39.1
F,OC1,EMP,PC,Y15-74,LU,27.4,19.0,24.5,24.2,18.5,15.5,22.4,17.3,17.4,19.0,25.0,25.5
F,OC1,EMP,PC,Y15-74,LV,42.5,44.3,42.0,45.5,45.8,43.8,44.1,44.3,47.2,46.3,44.8,45.8
F,OC1,EMP,PC,Y15-74,ME,,,,30.7,28.4,25.8,26.3,22.0,29.3,22.1,28.9,36.0
F,OC1,EMP,PC,Y15-74,MK,28.4,26.9,27.8,27.9,23.0,27.3,29.0,24.1,25.1,24.0,26.7,26.2
F,OC1,EMP,PC,Y15-74,MT,17.2,21.2,22.4,24.3,27.2,28.4,26.6,26.6,27.9,28.8,28.9,30.0
F,OC1,EMP,PC,Y15-74,NL,27.2,28.1,28.4,29.3,28.8,24.6,25.5,26.0,25.5,26.6,25.7,27.1
F,OC1,EMP,PC,Y15-74,NO,31.5,34.0,34.4,31.5,32.2,32.9,35.5,36.0,37.9,38.3,35.6,34.4
F,OC1,EMP,PC,Y15-74,PL,36.1,35.5,35.7,38.0,37.9,37.8,38.9,40.2,41.2,41.3,42.5,43.1
F,OC1,EMP,PC,Y15-74,PT,31.4,31.8,32.4,33.5,35.5,34.1,35.3,32.8,36.0,34.3,34.1,37.0
F,OC1,EMP,PC,Y15-74,RO,29.5,31.2,31.0,30.9,31.0,31.2,31.6,31.5,33.6,30.4,31.6,33.6
F,OC1,EMP,PC,Y15-74,RS,,,33.3,,,31.6,29.8,28.5,29.4,30.8,31.4,32.8
F,OC1,EMP,PC,Y15-74,SE,32.1,32.5,31.3,34.5,35.5,35.4,37.1,39.5,39.3,38.9,38.1,40.3
F,OC1,EMP,PC,Y15-74,SI,34.9,35.5,34.8,38.5,39.0,37.0,37.6,37.4,41.0,41.2,38.5,40.1
F,OC1,EMP,PC,Y15-74,SK,29.7,32.2,34.7,30.9,33.2,32.7,30.0,31.3,35.0,32.7,32.1,33.7
F,OC1,EMP,PC,Y15-74,TR,9.9,10.2,10.1,11.0,12.2,14.5,13.4,13.2,15.2,15.0,14.8,16.2
F,OC1,EMP,PC,Y15-74,UK,34.9,35.6,35.7,34.7,34.3,34.0,35.3,35.4,36.1,36.2,36.3,36.9
F,OC1,EMP,PC,Y20-64,AT,28.1,27.0,28.7,27.5,30.5,29.4,30.0,29.8,31.8,31.9,31.8,33.4
F,OC1,EMP,PC,Y20-64,BE,32.6,34.1,34.4,29.9,32.6,31.3,31.8,32.8,32.8,33.5,33.7,32.7
F,OC1,EMP,PC,Y20-64,BG,32.5,32.4,33.8,37.2,36.6,36.8,37.1,36.9,38.3,39.3,38.8,39.5
F,OC1,EMP,PC,Y20-64,CH,29.9,31.2,33.1,30.9,30.9,30.2,31.1,32.4,33.1,30.7,32.1,33.6
F,OC1,EMP,PC,Y20-64,CY,16.3,12.6,13.8,14.7,15.1,19.1,17.8,24.2,26.5,21.6,18.1,21.5
F,OC1,EMP,PC,Y20-64,CZ,28.1,29.2,28.1,25.9,26.4,27.4,28.1,29.8,25.9,24.6,27.0,27.5
F,OC1,EMP,PC,Y20-64,DE,29.3,29.8,30.1,30.3,28.6,29.0,29.1,29.4,29.5,29.3,29.6,29.6
F,OC1,EMP,PC,Y20-64,DK,23.8,25.0,21.9,28.2,29.0,27.1,26.7,26.6,27.9,26.8,26.5,27.6
F,OC1,EMP,PC,Y20-64,EA19,32.8,33.2,33.5,32.3,32.4,31.4,30.8,30.7,31.5,31.6,31.8,32.4
F,OC1,EMP,PC,Y20-64,EE,36.1,35.4,36.2,35.2,31.3,33.3,33.0,30.8,35.5,38.4,35.6,36.3
F,OC1,EMP,PC,Y20-64,EL,28.7,30.2,30.3,23.8,26.1,29.0,28.8,25.8,25.4,30.4,27.6,27.9
F,OC1,EMP,PC,Y20-64,ES,32.5,33.2,34.1,29.9,30.1,30.8,30.9,31.5,31.1,30.8,32.2,33.5
F,OC1,EMP,PC,Y20-64,EU27_2020,32.8,33.2,33.4,32.9,33.0,32.3,32.0,32.2,33.0,32.9,33.3,33.8
F,OC1,EMP,PC,Y20-64,EU28,33.4,33.8,34.0,33.4,33.4,32.8,32.9,33.1,33.8,33.8,34.2,34.7
F,OC1,EMP,PC,Y20-64,FI,29.8,29.8,30.6,32.2,30.0,29.7,34.1,33.8,34.3,31.5,32.4,37.1
F,OC1,EMP,PC,Y20-64,FR,38.4,38.2,38.5,39.6,39.6,36.2,32.9,32.0,33.3,33.6,34.7,35.1
F,OC1,EMP,PC,Y20-64,HR,25.6,25.0,25.8,24.0,26.1,25.0,23.2,26.6,30.4,29.1,29.9,26.1
F,OC1,EMP,PC,Y20-64,HU,36.5,36.4,36.6,40.7,39.0,41.1,40.1,40.8,39.5,39.4,39.0,39.4
F,OC1,EMP,PC,Y20-64,IE,40.3,40.1,39.6,33.9,33.6,33.6,33.8,35.2,36.9,36.8,36.7,36.0
F,OC1,EMP,PC,Y20-64,IS,33.1,34.0,34.3,41.5,41.4,38.3,37.9,39.3,35.4,33.2,42.4,43.1
F,OC1,EMP,PC,Y20-64,IT,33.8,34.2,33.0,25.4,26.5,27.8,27.4,27.1,28.2,28.2,27.7,28.4
F,OC1,EMP,PC,Y20-64,LT,40.7,39.7,41.5,39.2,39.2,39.5,38.7,39.6,38.9,39.1,39.3,38.9
F,OC1,EMP,PC,Y20-64,LU,27.4,19.8,25.3,24.7,17.7,16.4,21.5,18.0,17.6,18.6,25.9,25.7
F,OC1,EMP,PC,Y20-64,LV,42.7,43.7,41.4,45.1,45.4,44.2,44.5,43.9,47.2,46.3,45.0,45.8
F,OC1,EMP,PC,Y20-64,ME,,,,31.6,28.7,25.3,27.1,22.7,29.5,22.5,30.3,37.6
F,OC1,EMP,PC,Y20-64,MK,28.5,26.7,27.9,28.1,23.1,27.4,29.1,24.0,25.3,24.2,27.1,26.1
F,OC1,EMP,PC,Y20-64,MT,17.5,21.4,22.9,24.6,27.5,28.9,27.0,27.6,27.9,29.4,29.6,30.1
F,OC1,EMP,PC,Y20-64,NL,27.2,28.1,28.7,29.4,29.0,24.9,26.1,26.5,26.0,26.9,26.1,27.4
F,OC1,EMP,PC,Y20-64,NO,31.8,34.4,34.8,31.8,32.3,33.3,36.0,37.1,38.7,39.2,36.5,35.3
F,OC1,EMP,PC,Y20-64,PL,36.3,35.8,35.9,38.2,37.9,37.9,39.2,40.6,41.9,41.8,43.2,43.6
F,OC1,EMP,PC,Y20-64,PT,32.1,32.0,32.9,34.4,36.1,34.2,35.4,33.0,36.5,34.7,34.7,37.6
F,OC1,EMP,PC,Y20-64,RO,29.6,31.4,31.0,30.9,31.3,31.3,31.9,31.8,34.0,30.5,31.6,33.7
F,OC1,EMP,PC,Y20-64,RS,,,33.6,,,31.8,30.2,28.7,29.8,31.4,32.2,33.5
F,OC1,EMP,PC,Y20-64,SE,32.0,32.4,31.6,35.0,36.0,36.0,37.5,39.8,39.6,39.4,38.7,40.4
F,OC1,EMP,PC,Y20-64,SI,35.0,35.6,35.0,38.4,39.3,37.2,37.4,37.5,41.2,41.7,39.0,40.3
F,OC1,EMP,PC,Y20-64,SK,29.8,32.3,34.7,31.0,33.3,32.9,30.4,31.7,35.3,33.2,32.3,33.9
F,OC1,EMP,PC,Y20-64,TR,10.0,10.3,10.1,11.1,12.3,14.6,13.7,13.4,15.4,15.3,15.0,16.4
F,OC1,EMP,PC,Y20-64,UK,35.1,35.8,35.9,34.8,34.6,34.2,35.6,35.6,36.1,36.4,36.7,37.1
F,OC1,EMP,PC,Y25-49,AT,27.3,26.6,28.3,27.8,31.1,30.5,31.9,31.6,32.9,32.8,33.7,35.4
F,OC1,EMP,PC,Y25-49,BE,34.7,36.5,36.7,31.9,35.5,34.5,35.0,35.6,35.4,37.3,37.7,35.6
F,OC1,EMP,PC,Y25-49,BG,33.2,32.7,34.8,37.9,37.8,38.2,38.9,38.7,39.3,39.8,39.9,41.4
F,OC1,EMP,PC,Y25-49,CH,31.9,32.1,33.8,32.2,32.3,31.7,33.6,35.0,35.1,32.9,34.6,36.3
F,OC1,EMP,PC,Y25-49,CY,15.0,9.6,12.8,14.6,14.4,22.4,19.8,30.0,30.5,22.6,17.6,21.5
F,OC1,EMP,PC,Y25-49,CZ,27.8,29.2,28.4,25.4,25.4,26.8,28.1,30.0,24.1,22.9,28.7,28.8
F,OC1,EMP,PC,Y25-49,DE,29.9,30.6,31.0,31.9,29.3,28.9,29.2,29.8,29.8,30.1,30.8,30.8
F,OC1,EMP,PC,Y25-49,DK,23.6,25.7,23.5,27.7,27.4,27.0,27.9,25.1,25.4,24.0,26.6,26.1
F,OC1,EMP,PC,Y25-49,EA19,33.8,34.4,34.5,34.1,34.2,32.9,32.3,31.9,32.8,33.4,34.1,34.5
F,OC1,EMP,PC,Y25-49,EE,33.4,32.4,33.5,33.1,28.0,31.6,29.7,27.5,33.2,36.0,33.2,31.8
F,OC1,EMP,PC,Y25-49,EL,29.5,31.2,31.2,24.2,25.6,29.7,30.9,27.1,26.8,28.5,27.9,30.9
F,OC1,EMP,PC,Y25-49,ES,33.0,34.2,34.6,33.8,33.3,32.7,33.7,33.5,34.1,33.7,37.2,37.5
F,OC1,EMP,PC,Y25-49,EU27_2020,33.7,34.3,34.5,34.4,34.7,33.6,33.4,33.2,34.1,34.5,35.3,35.7
F,OC1,EMP,PC,Y25-49,EU28,34.3,34.9,35.0,34.6,34.8,33.6,33.9,33.8,34.7,34.9,35.9,36.4
F,OC1,EMP,PC,Y25-49,FI,29.6,30.0,29.1,31.0,29.0,30.4,32.3,33.6,33.6,31.1,32.1,37.3
F,OC1,EMP,PC,Y25-49,FR,39.8,40.6,39.9,41.0,41.9,37.6,34.2,32.8,34.8,35.6,36.8,36.3
F,OC1,EMP,PC,Y25-49,HR,26.5,23.6,25.4,24.9,30.1,26.9,25.0,27.0,35.9,30.9,31.4,27.8
F,OC1,EMP,PC,Y25-49,HU,35.2,35.4,37.5,39.4,39.5,40.3,38.8,37.5,36.7,38.2,36.3,37.5
F,OC1,EMP,PC,Y25-49,IE,41.1,41.3,40.6,34.8,34.7,35.9,36.0,37.4,38.1,40.2,38.8,39.1
F,OC1,EMP,PC,Y25-49,IS,34.2,34.3,35.4,44.0,42.9,39.0,40.2,42.6,38.5,35.6,42.3,43.5
F,OC1,EMP,PC,Y25-49,IT,34.8,34.7,34.3,27.1,27.3,29.8,28.8,28.8,28.0,28.7,29.0,31.4
F,OC1,EMP,PC,Y25-49,LT,40.4,39.1,39.6,38.8,37.8,38.4,39.0,38.2,36.2,36.9,37.3,36.6
F,OC1,EMP,PC,Y25-49,LU,23.6,21.7,27.9,27.9,20.0,17.6,23.7,25.0,23.3,19.4,26.7,28.8
F,OC1,EMP,PC,Y25-49,LV,42.7,41.0,39.5,43.5,44.1,44.7,43.3,40.9,43.2,43.6,40.9,42.4
F,OC1,EMP,PC,Y25-49,ME,,,,33.8,27.0,29.5,27.6,27.4,32.6,22.1,29.0,38.4
F,OC1,EMP,PC,Y25-49,MK,29.3,28.7,29.7,29.9,26.5,28.9,26.5,22.5,25.9,27.6,28.1,26.3
F,OC1,EMP,PC,Y25-49,MT,18.7,23.9,26.7,29.0,31.3,32.0,30.2,30.7,32.4,31.8,29.9,30.1
F,OC1,EMP,PC,Y25-49,NL,28.2,28.8,29.7,31.3,30.6,26.8,28.0,28.6,27.7,29.3,28.9,31.4
F,OC1,EMP,PC,Y25-49,NO,33.8,36.0,36.5,33.7,34.1,33.6,36.0,37.0,40.9,41.4,38.0,36.7
F,OC1,EMP,PC,Y25-49,PL,37.7,37.2,37.4,39.0,39.2,38.8,39.8,40.5,42.6,42.5,43.2,44.1
F,OC1,EMP,PC,Y25-49,PT,35.4,34.6,35.6,36.2,37.7,37.5,38.5,35.4,39.5,38.3,39.0,40.8
F,OC1,EMP,PC,Y25-49,RO,31.4,31.5,32.8,32.4,32.8,31.9,33.3,32.8,35.7,32.9,33.6,34.3
F,OC1,EMP,PC,Y25-49,RS,,,37.6,,,33.9,29.1,31.4,32.1,33.4,32.9,34.7
F,OC1,EMP,PC,Y25-49,SE,33.6,33.6,32.3,35.4,36.7,35.7,37.4,39.4,38.3,38.5,39.0,40.8
F,OC1,EMP,PC,Y25-49,SI,38.6,38.1,36.6,40.9,40.7,38.5,38.1,38.9,43.8,44.3,41.8,43.6
F,OC1,EMP,PC,Y25-49,SK,31.1,32.4,34.4,30.0,32.7,34.3,30.3,31.1,35.9,34.4,32.8,33.8
F,OC1,EMP,PC,Y25-49,TR,11.1,11.3,11.0,12.2,13.5,16.3,15.5,15.3,17.3,17.5,17.1,18.3
F,OC1,EMP,PC,Y25-49,UK,35.8,37.0,36.5,35.1,35.2,33.7,35.5,35.4,36.3,36.2,37.6,38.1
F,OC1,EMP,PC,Y25-59,AT,27.9,26.6,28.4,27.2,30.2,29.6,30.5,30.1,31.8,32.4,32.7,33.9
F,OC1,EMP,PC,Y25-59,BE,32.5,34.6,34.6,30.2,32.9,31.6,32.2,33.1,32.9,34.1,34.3,33.3
F,OC1,EMP,PC,Y25-59,BG,33.2,33.1,34.4,37.7,37.6,37.8,38.4,37.9,39.0,40.4,39.7,40.3
F,OC1,EMP,PC,Y25-59,CH,30.2,31.3,32.9,31.1,31.0,30.1,31.1,33.1,33.2,31.0,32.5,34.8
F,OC1,EMP,PC,Y25-59,CY,16.9,12.5,14.4,15.1,14.9,18.7,17.9,25.4,28.0,22.7,17.8,22.5
F,OC1,EMP,PC,Y25-59,CZ,28.6,30.0,28.4,26.4,26.8,27.8,28.4,30.5,26.4,24.8,27.6,28.1
F,OC1,EMP,PC,Y25-59,DE,29.3,29.9,30.2,30.6,29.0,29.3,29.0,29.5,29.3,29.2,29.5,29.5
F,OC1,EMP,PC,Y25-59,DK,24.0,25.0,22.1,28.5,28.4,27.0,26.7,26.7,27.7,26.5,26.5,27.0
F,OC1,EMP,PC,Y25-59,EA19,32.9,33.4,33.7,32.7,32.9,31.8,31.1,30.9,31.6,31.8,32.2,32.8
F,OC1,EMP,PC,Y25-59,EE,35.9,36.0,35.8,35.4,30.9,32.4,32.2,30.2,34.5,36.8,34.5,35.0
F,OC1,EMP,PC,Y25-59,EL,28.9,30.4,30.5,23.6,25.7,28.8,29.2,25.9,25.1,29.3,27.2,28.6
F,OC1,EMP,PC,Y25-59,ES,32.4,33.0,34.1,30.6,30.9,31.1,31.0,31.4,31.6,31.3,33.4,34.2
F,OC1,EMP,PC,Y25-59,EU27_2020,33.0,33.4,33.7,33.4,33.5,32.8,32.5,32.5,33.2,33.2,33.8,34.2
F,OC1,EMP,PC,Y25-59,EU28,33.5,34.0,34.3,33.8,33.8,33.1,33.2,33.3,33.9,34.1,34.5,35.0
F,OC1,EMP,PC,Y25-59,FI,30.0,30.2,30.5,32.2,30.0,30.4,33.8,34.0,34.2,31.7,32.3,36.6
F,OC1,EMP,PC,Y25-59,FR,38.3,38.4,38.7,40.0,40.0,36.7,33.2,32.0,33.5,33.7,35.1,35.6
F,OC1,EMP,PC,Y25-59,HR,25.5,24.7,24.6,22.8,27.3,26.6,23.7,27.8,32.8,30.1,31.0,27.4
F,OC1,EMP,PC,Y25-59,HU,36.6,36.2,37.1,41.5,39.8,41.8,40.7,41.1,40.3,40.8,40.5,40.1
F,OC1,EMP,PC,Y25-59,IE,39.6,39.9,39.5,33.2,33.5,33.9,34.0,35.4,36.9,37.1,36.7,36.6
F,OC1,EMP,PC,Y25-59,IS,33.8,34.0,34.9,42.9,41.1,38.9,38.3,40.3,35.8,34.4,43.4,44.9
F,OC1,EMP,PC,Y25-59,IT,33.9,34.5,33.4,26.2,26.8,28.6,28.0,27.7,27.9,28.3,28.0,28.9
F,OC1,EMP,PC,Y25-59,LT,40.9,39.5,41.4,39.5,39.3,39.2,39.6,39.1,38.4,39.4,38.6,38.0
F,OC1,EMP,PC,Y25-59,LU,26.7,20.9,25.8,24.7,19.0,15.4,23.3,19.1,18.8,20.4,23.1,26.5
F,OC1,EMP,PC,Y25-59,LV,43.7,43.3,40.8,44.8,45.2,44.5,44.3,43.8,46.9,46.5,44.7,45.9
F,OC1,EMP,PC,Y25-59,ME,,,,31.5,28.6,25.6,29.1,24.1,31.0,22.0,28.6,38.7
F,OC1,EMP,PC,Y25-59,MK,29.1,27.3,28.8,28.7,23.5,27.6,29.2,24.1,26.0,24.9,28.0,27.1
F,OC1,EMP,PC,Y25-59,MT,17.7,22.1,23.8,24.4,27.5,29.2,27.1,27.6,28.4,29.7,29.6,30.6
F,OC1,EMP,PC,Y25-59,NL,27.6,28.2,28.9,29.7,29.4,25.1,26.2,26.6,26.2,27.3,26.3,27.9
F,OC1,EMP,PC,Y25-59,NO,31.8,34.2,34.6,31.8,32.8,33.7,36.5,37.3,39.1,39.3,37.1,36.1
F,OC1,EMP,PC,Y25-59,PL,36.9,36.3,36.4,38.9,38.6,38.8,40.5,41.4,42.6,42.4,44.2,44.0
F,OC1,EMP,PC,Y25-59,PT,32.1,32.5,33.8,35.2,36.2,34.7,36.3,34.0,37.1,35.3,35.3,38.2
F,OC1,EMP,PC,Y25-59,RO,30.2,31.3,31.8,31.5,32.1,31.6,32.6,32.0,34.3,30.9,31.7,33.8
F,OC1,EMP,PC,Y25-59,RS,,,35.4,,,34.6,31.6,29.7,31.6,33.9,33.6,35.0
F,OC1,EMP,PC,Y25-59,SE,32.6,32.8,32.1,35.2,36.6,36.3,37.8,39.8,39.4,39.2,39.1,40.4
F,OC1,EMP,PC,Y25-59,SI,35.4,36.0,35.7,39.4,39.8,37.8,38.1,38.0,41.4,42.1,40.2,41.6
F,OC1,EMP,PC,Y25-59,SK,30.1,32.6,35.0,31.5,34.0,34.1,31.1,32.0,35.7,33.8,33.1,34.0
F,OC1,EMP,PC,Y25-59,TR,10.0,10.3,10.1,11.0,12.4,14.8,13.8,13.6,15.8,15.6,15.3,16.7
F,OC1,EMP,PC,Y25-59,UK,35.1,35.9,36.2,35.1,34.7,34.1,35.4,35.5,36.2,36.7,36.7,37.2
F,OC1,EMP,PC,Y25-64,AT,27.5,26.4,28.3,27.3,29.8,29.2,30.0,29.8,31.6,32.0,31.8,33.3
F,OC1,EMP,PC,Y25-64,BE,32.2,34.1,34.1,29.7,32.4,31.3,31.6,32.5,32.5,33.5,33.6,32.8
F,OC1,EMP,PC,Y25-64,BG,32.5,32.3,33.6,36.9,36.7,36.9,37.3,37.0,38.3,39.4,38.7,39.4
F,OC1,EMP,PC,Y25-64,CH,29.8,30.8,32.2,30.7,30.6,29.8,30.8,32.3,32.8,30.5,31.8,33.5
F,OC1,EMP,PC,Y25-64,CY,16.4,12.6,13.8,14.8,15.1,18.5,17.9,24.4,26.5,21.6,18.1,21.5
F,OC1,EMP,PC,Y25-64,CZ,27.8,29.2,27.7,25.8,26.3,27.3,28.0,29.7,25.8,24.7,26.9,27.3
F,OC1,EMP,PC,Y25-64,DE,28.9,29.5,29.8,30.0,28.6,28.9,29.0,29.3,29.3,29.2,29.5,29.5
F,OC1,EMP,PC,Y25-64,DK,23.7,24.8,21.9,28.0,29.1,27.1,26.9,26.7,28.0,26.7,26.6,27.6
F,OC1,EMP,PC,Y25-64,EA19,32.6,33.0,33.3,32.2,32.3,31.3,30.7,30.6,31.4,31.5,31.8,32.4
F,OC1,EMP,PC,Y25-64,EE,36.0,35.6,35.6,35.4,31.5,33.3,32.6,30.5,35.0,38.0,35.6,36.2
F,OC1,EMP,PC,Y25-64,EL,28.6,29.9,30.2,23.6,26.0,28.7,28.7,25.9,25.3,29.9,27.4,28.0
F,OC1,EMP,PC,Y25-64,ES,32.3,33.2,34.1,29.9,30.0,30.7,31.0,31.5,31.1,30.7,32.3,33.4
F,OC1,EMP,PC,Y25-64,EU27_2020,32.6,33.0,33.3,32.8,33.0,32.3,32.0,32.1,32.8,32.9,33.2,33.7
F,OC1,EMP,PC,Y25-64,EU28,33.1,33.6,33.9,33.2,33.3,32.7,32.7,32.9,33.6,33.7,34.1,34.6
F,OC1,EMP,PC,Y25-64,FI,29.8,29.8,30.6,32.1,29.9,29.8,34.0,33.9,34.2,31.6,32.4,37.0
F,OC1,EMP,PC,Y25-64,FR,38.1,38.1,38.4,39.5,39.6,36.2,32.8,31.8,33.3,33.6,34.6,35.1
F,OC1,EMP,PC,Y25-64,HR,25.6,25.1,25.9,23.8,26.2,25.3,22.9,26.7,30.6,29.4,30.2,26.3
F,OC1,EMP,PC,Y25-64,HU,36.5,36.0,36.4,40.8,39.0,41.1,40.1,40.6,39.4,39.4,39.1,39.3
F,OC1,EMP,PC,Y25-64,IE,39.2,39.3,38.9,33.2,33.1,33.2,33.6,34.8,36.7,36.7,36.4,35.9
F,OC1,EMP,PC,Y25-64,IS,33.3,33.5,34.5,41.1,41.3,38.5,38.1,39.1,35.4,32.8,42.0,43.3
F,OC1,EMP,PC,Y25-64,IT,33.8,34.1,33.0,25.5,26.6,27.7,27.3,27.1,27.9,28.0,27.8,28.5
F,OC1,EMP,PC,Y25-64,LT,40.9,39.9,41.5,39.4,39.2,39.3,38.6,39.3,38.7,39.2,39.2,38.7
F,OC1,EMP,PC,Y25-64,LU,27.6,19.8,25.3,25.0,17.7,14.5,21.5,18.0,17.6,18.6,22.8,25.0
F,OC1,EMP,PC,Y25-64,LV,43.1,43.3,41.3,45.4,45.5,44.4,44.6,43.7,47.0,46.8,45.4,46.1
F,OC1,EMP,PC,Y25-64,ME,,,,31.3,27.4,25.8,27.7,22.4,29.7,22.5,28.6,37.9
F,OC1,EMP,PC,Y25-64,MK,28.2,27.0,27.9,28.2,23.3,27.3,28.8,24.1,25.6,24.4,27.4,26.3
F,OC1,EMP,PC,Y25-64,MT,17.8,21.1,23.0,23.9,26.6,28.4,27.1,27.5,27.6,28.8,29.3,30.3
F,OC1,EMP,PC,Y25-64,NL,27.1,27.9,28.5,29.2,28.6,24.6,25.7,26.2,25.7,26.8,25.9,27.2
F,OC1,EMP,PC,Y25-64,NO,31.6,33.6,34.3,31.6,32.3,33.1,35.9,36.8,38.2,38.6,36.2,35.2
F,OC1,EMP,PC,Y25-64,PL,36.4,35.9,35.9,38.1,37.9,37.8,39.3,40.6,41.7,41.6,43.1,43.4
F,OC1,EMP,PC,Y25-64,PT,31.9,31.6,32.7,34.4,35.8,34.2,35.5,33.1,36.4,34.6,34.3,37.6
F,OC1,EMP,PC,Y25-64,RO,29.6,30.8,30.8,30.8,31.2,31.2,32.0,31.7,33.9,30.4,31.1,33.3
F,OC1,EMP,PC,Y25-64,RS,,,34.0,,,31.8,30.1,28.8,29.7,31.7,31.8,33.7
F,OC1,EMP,PC,Y25-64,SE,31.9,32.2,31.4,34.8,36.1,35.9,37.4,39.8,39.6,39.4,38.7,40.1
F,OC1,EMP,PC,Y25-64,SI,34.9,35.7,35.0,38.8,39.4,37.0,37.5,37.7,41.4,41.7,38.8,40.5
F,OC1,EMP,PC,Y25-64,SK,29.6,31.9,34.3,30.9,33.5,33.2,30.3,31.6,35.2,33.4,32.4,34.0
F,OC1,EMP,PC,Y25-64,TR,9.8,10.1,9.9,10.9,12.2,14.4,13.4,13.3,15.4,15.2,14.9,16.4
F,OC1,EMP,PC,Y25-64,UK,34.6,35.5,35.7,34.7,34.3,33.9,35.2,35.4,36.0,36.3,36.4,36.9
F,OC1,EMP,PC,Y25-74,AT,27.4,26.7,28.5,27.3,29.4,29.2,30.2,29.7,31.6,31.8,31.6,33.1
F,OC1,EMP,PC,Y25-74,BE,32.3,33.9,33.9,29.7,32.3,31.3,31.5,32.4,32.3,33.5,33.6,32.8
F,OC1,EMP,PC,Y25-74,BG,32.3,32.0,33.2,36.5,36.5,36.6,36.9,36.6,37.9,39.4,38.6,38.9
F,OC1,EMP,PC,Y25-74,CH,29.5,30.9,32.2,30.5,30.2,29.4,30.6,32.1,32.5,30.2,31.6,33.3
F,OC1,EMP,PC,Y25-74,CY,16.4,12.3,13.4,14.9,16.1,19.1,18.0,23.3,26.1,20.7,17.4,21.5
F,OC1,EMP,PC,Y25-74,CZ,27.8,28.9,27.3,25.7,26.1,27.1,27.7,29.3,25.2,24.8,26.8,26.7
F,OC1,EMP,PC,Y25-74,DE,28.7,29.3,29.6,29.9,28.5,28.7,28.9,29.2,29.2,29.1,29.3,29.4
F,OC1,EMP,PC,Y25-74,DK,23.4,24.3,21.8,27.7,28.4,26.8,26.1,26.4,27.6,26.2,26.2,26.8
F,OC1,EMP,PC,Y25-74,EA19,32.4,32.9,33.2,32.0,32.1,31.1,30.5,30.4,31.2,31.3,31.5,32.1
F,OC1,EMP,PC,Y25-74,EE,35.9,35.5,35.6,35.7,31.9,33.3,32.3,30.3,35.6,38.0,35.9,37.0
F,OC1,EMP,PC,Y25-74,EL,28.4,29.9,30.2,23.4,25.9,28.5,28.4,26.0,25.5,29.4,27.5,28.1
F,OC1,EMP,PC,Y25-74,ES,32.3,33.2,34.3,29.9,30.0,30.7,30.9,31.4,31.2,30.5,32.2,33.2
F,OC1,EMP,PC,Y25-74,EU27_2020,32.5,32.8,33.1,32.6,32.8,32.0,31.7,31.9,32.6,32.6,32.9,33.5
F,OC1,EMP,PC,Y25-74,EU28,32.9,33.4,33.7,33.0,33.1,32.4,32.5,32.7,33.4,33.5,33.8,34.3
F,OC1,EMP,PC,Y25-74,FI,29.6,29.7,30.4,31.9,29.7,29.6,33.7,33.5,34.1,31.3,31.8,36.9
F,OC1,EMP,PC,Y25-74,FR,38.1,38.1,38.4,39.2,39.4,36.0,32.6,31.7,33.1,33.4,34.3,34.7
F,OC1,EMP,PC,Y25-74,HR,25.4,25.3,25.8,23.7,26.2,24.9,22.8,26.6,30.2,29.5,30.5,26.7
F,OC1,EMP,PC,Y25-74,HU,36.5,35.8,36.2,40.6,38.8,40.8,39.8,40.4,39.2,39.4,38.6,38.8
F,OC1,EMP,PC,Y25-74,IE,38.8,39.1,38.6,33.1,32.6,32.9,33.4,34.4,36.2,36.1,35.8,35.3
F,OC1,EMP,PC,Y25-74,IS,32.5,33.7,34.5,39.9,39.9,37.7,37.1,38.0,34.2,32.2,41.5,42.3
F,OC1,EMP,PC,Y25-74,IT,33.5,33.7,32.8,25.2,26.2,27.1,26.6,26.7,27.7,27.5,27.3,28.2
F,OC1,EMP,PC,Y25-74,LT,40.3,39.3,41.2,39.3,39.0,39.6,38.6,39.3,38.7,39.2,39.2,39.0
F,OC1,EMP,PC,Y25-74,LU,27.4,19.0,24.8,24.5,18.5,14.0,22.4,17.3,17.4,19.0,22.4,25.7
F,OC1,EMP,PC,Y25-74,LV,42.8,44.1,42.0,45.7,45.9,44.0,44.3,44.2,47.2,46.8,45.2,46.2
F,OC1,EMP,PC,Y25-74,ME,,,,30.3,27.4,25.5,26.8,21.7,29.5,22.2,27.2,36.3
F,OC1,EMP,PC,Y25-74,MK,28.2,26.9,27.9,28.1,23.3,27.2,28.8,24.0,25.4,24.3,27.1,26.5
F,OC1,EMP,PC,Y25-74,MT,17.5,20.9,22.5,23.4,26.1,28.1,26.7,26.6,27.0,28.2,29.1,30.3
F,OC1,EMP,PC,Y25-74,NL,27.0,27.9,28.3,29.0,28.5,24.3,25.2,25.7,25.2,26.4,25.5,26.9
F,OC1,EMP,PC,Y25-74,NO,31.3,33.2,34.0,31.4,32.2,32.6,35.4,35.8,37.4,37.7,35.2,34.3
F,OC1,EMP,PC,Y25-74,PL,36.2,35.6,35.7,37.9,37.8,37.7,38.9,40.1,41.0,41.1,42.4,42.9
F,OC1,EMP,PC,Y25-74,PT,31.2,31.4,32.2,33.5,35.1,34.1,35.4,32.8,35.9,34.3,33.8,37.0
F,OC1,EMP,PC,Y25-74,RO,29.5,30.7,30.9,30.8,31.1,31.1,31.7,31.4,33.5,30.2,31.2,33.2
F,OC1,EMP,PC,Y25-74,RS,,,33.8,,,31.6,29.7,28.7,29.3,31.1,31.2,33.0
F,OC1,EMP,PC,Y25-74,SE,31.9,32.3,31.2,34.3,35.6,35.4,37.1,39.6,39.3,38.9,38.2,40.0
F,OC1,EMP,PC,Y25-74,SI,34.8,35.7,34.9,38.8,39.0,37.0,37.7,37.6,41.0,41.2,38.4,40.3
F,OC1,EMP,PC,Y25-74,SK,29.6,31.9,34.2,30.8,33.3,33.0,30.0,31.2,35.0,33.1,32.3,33.8
F,OC1,EMP,PC,Y25-74,TR,9.6,9.9,9.8,10.8,12.0,14.3,13.1,13.0,15.1,14.9,14.7,16.1
F,OC1,EMP,PC,Y25-74,UK,34.4,35.3,35.5,34.6,34.1,33.7,35.0,35.1,35.9,36.1,36.1,36.7
F,OC1,EMP,PC,Y40-59,AT,26.6,24.8,27.6,25.6,27.0,28.8,28.4,26.8,28.2,29.2,30.7,31.6
F,OC1,EMP,PC,Y40-59,BE,28.8,31.6,31.2,27.9,29.3,29.7,30.0,29.7,30.0,30.0,31.6,30.3
F,OC1,EMP,PC,Y40-59,BG,32.1,32.6,33.4,35.3,36.6,36.3,37.3,37.0,37.1,39.3,39.2,39.6
F,OC1,EMP,PC,Y40-59,CH,28.0,28.8,31.2,27.4,28.4,26.8,28.1,30.1,30.1,27.8,29.3,31.9
F,OC1,EMP,PC,Y40-59,CY,17.2,14.3,14.7,14.3,14.9,14.9,14.9,21.3,25.6,21.0,17.5,20.4
F,OC1,EMP,PC,Y40-59,CZ,28.0,30.8,28.1,26.8,28.1,28.3,27.8,30.8,27.8,24.3,26.3,27.7
F,OC1,EMP,PC,Y40-59,DE,27.5,27.8,27.7,27.3,27.3,27.9,27.8,28.1,27.7,27.7,28.2,28.1
F,OC1,EMP,PC,Y40-59,DK,24.4,24.7,20.8,29.5,29.3,27.6,25.7,26.6,28.6,26.9,27.1,29.4
F,OC1,EMP,PC,Y40-59,EA19,31.3,31.6,32.0,30.1,30.7,30.0,29.4,29.4,29.9,30.3,30.7,31.2
F,OC1,EMP,PC,Y40-59,EE,39.0,41.0,40.2,37.6,34.5,33.2,35.5,34.7,36.6,38.2,36.4,40.3
F,OC1,EMP,PC,Y40-59,EL,29.2,29.9,30.2,22.7,24.2,29.4,28.6,26.1,26.3,31.0,27.7,26.2
F,OC1,EMP,PC,Y40-59,ES,31.4,31.5,32.7,27.3,28.1,28.6,27.8,28.5,29.1,30.1,32.0,33.2
F,OC1,EMP,PC,Y40-59,EU27_2020,31.6,31.9,32.0,31.1,31.7,31.2,30.9,31.1,31.6,31.8,32.4,32.9
F,OC1,EMP,PC,Y40-59,EU28,31.9,32.5,32.6,31.9,32.4,31.9,31.8,32.2,32.8,33.0,33.2,33.8
F,OC1,EMP,PC,Y40-59,FI,30.5,30.9,32.4,33.0,30.3,30.4,35.1,34.8,35.4,31.8,32.4,36.8
F,OC1,EMP,PC,Y40-59,FR,36.4,36.5,37.2,37.8,37.2,34.7,32.0,31.6,32.4,32.7,33.5,33.7
F,OC1,EMP,PC,Y40-59,HR,25.5,26.4,23.9,21.4,27.4,25.2,22.4,27.2,28.4,28.5,34.1,28.6
F,OC1,EMP,PC,Y40-59,HU,39.3,38.3,37.9,43.5,41.2,42.6,39.1,41.4,43.7,43.1,42.6,43.4
F,OC1,EMP,PC,Y40-59,IE,33.2,34.0,34.6,28.9,30.6,30.0,28.5,31.5,33.2,32.0,32.3,33.9
F,OC1,EMP,PC,Y40-59,IS,33.6,35.2,33.3,41.2,38.4,36.8,38.5,39.0,35.3,33.1,41.5,43.2
F,OC1,EMP,PC,Y40-59,IT,32.9,33.8,32.0,24.5,27.0,27.5,27.6,26.8,27.1,27.3,27.0,28.3
F,OC1,EMP,PC,Y40-59,LT,43.2,41.4,43.0,42.2,41.5,41.7,40.4,40.2,39.8,42.2,41.8,40.0
F,OC1,EMP,PC,Y40-59,LU,27.9,19.1,25.4,18.6,15.2,13.2,19.5,16.2,10.9,17.5,19.4,25.0
F,OC1,EMP,PC,Y40-59,LV,46.4,46.1,44.9,49.3,46.1,45.1,46.4,48.1,48.0,49.2,50.2,51.1
F,OC1,EMP,PC,Y40-59,ME,,,,31.0,24.2,26.3,37.0,21.1,31.6,18.0,27.4,38.5
F,OC1,EMP,PC,Y40-59,MK,26.6,26.8,28.3,27.4,23.7,28.0,29.8,26.7,23.8,24.9,28.6,28.3
F,OC1,EMP,PC,Y40-59,MT,16.9,18.9,18.4,17.9,23.2,24.7,21.3,23.7,23.8,25.8,25.4,28.8
F,OC1,EMP,PC,Y40-59,NL,26.0,26.1,27.6,27.1,27.7,23.6,24.4,24.1,24.4,26.3,24.3,25.1
F,OC1,EMP,PC,Y40-59,NO,30.7,31.7,32.9,30.4,32.1,34.4,36.3,36.8,37.4,37.3,36.1,35.4
F,OC1,EMP,PC,Y40-59,PL,36.6,36.0,34.2,37.9,38.4,38.5,41.0,41.8,41.6,42.6,44.5,44.4
F,OC1,EMP,PC,Y40-59,PT,30.4,30.0,30.3,32.6,33.8,31.5,32.3,30.6,33.3,32.9,32.0,35.3
F,OC1,EMP,PC,Y40-59,RO,27.8,29.4,29.2,28.6,30.9,31.5,31.8,29.6,32.1,26.5,31.3,33.3
F,OC1,EMP,PC,Y40-59,RS,,,33.3,,,36.3,34.4,27.8,30.7,34.5,33.7,35.1
F,OC1,EMP,PC,Y40-59,SE,31.9,32.3,31.5,34.8,36.3,36.8,38.5,41.4,41.5,40.3,39.8,42.4
F,OC1,EMP,PC,Y40-59,SI,30.7,30.8,31.0,36.7,38.0,37.0,38.1,40.0,41.2,39.1,37.8,38.9
F,OC1,EMP,PC,Y40-59,SK,30.2,32.7,35.5,32.8,34.1,32.7,30.2,30.4,36.5,33.3,33.7,32.9
F,OC1,EMP,PC,Y40-59,TR,7.1,7.0,8.1,9.1,10.2,10.6,10.5,10.6,13.1,11.3,11.5,14.2
F,OC1,EMP,PC,Y40-59,UK,32.8,34.4,34.7,34.5,34.5,34.1,34.8,35.3,36.5,36.4,35.5,36.5
F,OC1,EMP,PC,Y40-64,AT,26.0,24.6,27.6,25.8,26.6,28.4,27.8,26.5,28.2,28.8,29.4,30.9
F,OC1,EMP,PC,Y40-64,BE,28.7,30.9,30.7,27.3,28.9,29.3,29.3,29.0,29.7,29.5,30.8,29.9
F,OC1,EMP,PC,Y40-64,BG,31.1,31.6,32.2,34.2,35.3,34.9,35.7,35.9,36.3,38.0,37.8,38.4
F,OC1,EMP,PC,Y40-64,CH,27.6,28.3,30.3,27.3,28.2,26.7,28.0,29.4,29.9,27.4,28.7,30.5
F,OC1,EMP,PC,Y40-64,CY,16.5,14.2,13.8,13.9,15.0,16.0,14.3,20.2,23.7,20.0,17.9,20.2
F,OC1,EMP,PC,Y40-64,CZ,26.9,29.5,27.0,26.0,27.1,27.6,27.3,29.7,26.7,24.2,25.6,26.8
F,OC1,EMP,PC,Y40-64,DE,27.1,27.5,27.3,26.8,27.0,27.6,27.8,28.1,27.9,27.9,28.3,28.3
F,OC1,EMP,PC,Y40-64,DK,24.0,24.5,20.7,29.0,30.0,27.7,25.9,26.7,29.1,27.1,27.2,29.9
F,OC1,EMP,PC,Y40-64,EA19,31.0,31.3,31.6,29.5,30.1,29.5,29.1,29.1,29.8,30.0,30.2,30.8
F,OC1,EMP,PC,Y40-64,EE,38.8,39.7,39.5,37.6,34.8,34.5,35.8,34.8,37.3,40.0,37.8,41.3
F,OC1,EMP,PC,Y40-64,EL,28.7,29.3,30.0,22.8,24.7,29.3,28.0,25.9,26.5,31.5,27.9,25.7
F,OC1,EMP,PC,Y40-64,ES,31.3,31.9,32.8,26.6,27.0,28.4,28.1,28.8,28.8,29.4,30.6,32.3
F,OC1,EMP,PC,Y40-64,EU27_2020,31.2,31.5,31.5,30.4,31.0,30.6,30.3,30.8,31.3,31.5,31.8,32.4
F,OC1,EMP,PC,Y40-64,EU28,31.5,32.0,32.1,31.2,31.7,31.3,31.3,31.8,32.5,32.5,32.7,33.4
F,OC1,EMP,PC,Y40-64,FI,30.2,30.2,32.1,32.7,30.1,29.7,35.2,34.7,35.3,31.5,32.6,37.3
F,OC1,EMP,PC,Y40-64,FR,36.2,36.2,36.9,37.1,36.8,34.2,31.4,31.3,32.2,32.6,33.0,33.2
F,OC1,EMP,PC,Y40-64,HR,25.5,27.0,25.8,22.8,25.7,23.3,21.3,25.6,25.7,27.7,32.7,27.0
F,OC1,EMP,PC,Y40-64,HU,39.1,37.8,36.6,42.2,39.7,41.4,38.3,40.7,42.1,41.0,40.4,42.0
F,OC1,EMP,PC,Y40-64,IE,33.0,33.6,34.0,29.2,30.2,29.4,28.3,31.0,33.2,31.8,32.3,33.2
F,OC1,EMP,PC,Y40-64,IS,33.1,35.3,32.7,39.0,38.9,37.3,37.4,38.0,35.0,31.2,41.0,40.9
F,OC1,EMP,PC,Y40-64,IT,32.8,33.2,31.5,23.8,26.6,26.4,26.8,26.2,27.2,27.1,26.8,27.8
F,OC1,EMP,PC,Y40-64,LT,43.0,41.8,43.3,41.8,41.2,41.6,38.9,40.5,40.1,41.5,42.2,40.9
F,OC1,EMP,PC,Y40-64,LU,28.8,17.8,25.0,19.4,15.7,14.3,17.8,15.0,10.0,17.8,19.5,22.8
F,OC1,EMP,PC,Y40-64,LV,45.2,46.0,45.5,50.1,46.6,44.8,47.0,47.6,48.0,49.3,50.3,50.8
F,OC1,EMP,PC,Y40-64,ME,,,,29.0,21.9,26.6,31.7,20.0,28.4,19.2,27.6,37.3
F,OC1,EMP,PC,Y40-64,MK,25.1,26.6,27.3,27.0,23.0,27.3,28.6,26.4,23.3,24.1,27.7,27.0
F,OC1,EMP,PC,Y40-64,MT,15.8,17.3,19.0,17.6,22.7,23.7,21.9,23.8,22.5,24.6,25.2,28.6
F,OC1,EMP,PC,Y40-64,NL,25.4,25.8,27.2,26.6,26.7,23.1,23.8,23.7,23.8,25.6,24.0,24.4
F,OC1,EMP,PC,Y40-64,NO,30.6,31.2,32.7,30.2,31.6,33.4,35.5,36.1,36.4,36.6,35.1,34.4
F,OC1,EMP,PC,Y40-64,PL,35.8,35.2,33.5,36.6,37.1,36.8,38.9,40.4,40.3,41.3,42.7,43.5
F,OC1,EMP,PC,Y40-64,PT,30.3,29.0,28.9,31.7,33.5,31.1,31.6,29.6,32.6,32.3,31.1,34.8
F,OC1,EMP,PC,Y40-64,RO,26.9,28.5,27.9,27.5,29.7,30.7,30.7,29.2,31.6,26.1,30.4,32.6
F,OC1,EMP,PC,Y40-64,RS,,,31.3,,,32.1,32.0,26.4,28.2,31.4,31.4,33.1
F,OC1,EMP,PC,Y40-64,SE,31.0,31.6,30.7,34.2,35.7,36.2,38.0,41.2,41.5,40.4,39.2,41.7
F,OC1,EMP,PC,Y40-64,SI,30.1,30.2,30.4,35.5,37.1,35.7,37.1,39.5,40.9,38.8,36.1,37.3
F,OC1,EMP,PC,Y40-64,SK,29.4,31.6,34.1,31.7,33.2,31.6,28.8,29.8,35.6,32.7,32.8,32.9
F,OC1,EMP,PC,Y40-64,TR,6.9,6.8,7.8,8.9,9.9,10.2,9.9,10.1,12.6,11.0,11.2,13.8
F,OC1,EMP,PC,Y40-64,UK,32.3,33.8,34.1,34.0,34.0,33.8,34.5,35.0,36.2,35.9,35.3,36.2
F,OC1,EMP,PC,Y50-59,AT,29.7,26.5,28.6,25.7,27.8,27.6,27.5,26.6,29.4,31.4,30.7,31.1
F,OC1,EMP,PC,Y50-59,BE,25.5,29.3,28.3,24.8,25.5,24.5,25.0,26.9,27.1,27.0,26.6,27.6
F,OC1,EMP,PC,Y50-59,BG,33.2,34.4,33.6,37.1,36.7,36.9,37.1,35.9,37.9,41.6,39.4,37.8
F,OC1,EMP,PC,Y50-59,CH,25.8,29.2,30.6,28.3,27.8,26.7,26.1,28.9,29.5,27.7,28.4,31.8
F,OC1,EMP,PC,Y50-59,CY,21.4,18.9,16.9,16.3,15.9,,14.3,18.6,23.3,20.0,18.0,22.4
F,OC1,EMP,PC,Y50-59,CZ,30.6,32.0,28.2,28.8,29.9,30.2,29.3,31.8,31.9,29.1,25.3,26.4
F,OC1,EMP,PC,Y50-59,DE,27.9,28.2,28.2,27.3,28.4,30.0,28.8,29.0,28.6,27.8,27.7,27.4
F,OC1,EMP,PC,Y50-59,DK,25.0,23.2,19.1,30.4,30.7,27.2,25.2,28.7,30.7,29.8,26.2,28.5
F,OC1,EMP,PC,Y50-59,EA19,30.5,30.7,31.6,29.3,29.7,29.5,28.6,28.7,29.1,28.8,28.6,29.6
F,OC1,EMP,PC,Y50-59,EE,45.6,49.6,43.4,41.5,39.3,35.2,39.3,40.3,38.3,39.8,38.6,45.6
F,OC1,EMP,PC,Y50-59,EL,27.4,28.4,28.8,21.9,25.8,27.0,25.3,22.8,21.3,30.9,25.9,24.2
F,OC1,EMP,PC,Y50-59,ES,30.8,29.9,32.8,22.6,25.1,26.9,24.7,26.9,26.2,26.5,25.9,28.0
F,OC1,EMP,PC,Y50-59,EU27_2020,30.9,31.1,31.6,30.8,30.9,31.0,30.4,30.9,31.0,30.6,30.7,31.1
F,OC1,EMP,PC,Y50-59,EU28,31.2,31.4,32.4,31.7,31.5,32.0,31.6,32.1,32.3,32.4,31.7,32.2
F,OC1,EMP,PC,Y50-59,FI,31.0,30.8,34.0,34.8,32.5,29.8,37.0,35.0,34.9,32.8,32.5,35.7
F,OC1,EMP,PC,Y50-59,FR,34.6,32.7,35.6,37.2,34.7,34.4,31.1,30.2,30.5,29.7,31.3,34.1
F,OC1,EMP,PC,Y50-59,HR,23.3,26.7,23.2,19.0,22.8,25.8,20.3,29.4,27.2,28.5,30.2,26.0
F,OC1,EMP,PC,Y50-59,HU,40.1,38.5,36.2,46.6,40.4,45.4,45.8,50.7,50.1,47.4,50.9,46.2
F,OC1,EMP,PC,Y50-59,IE,32.9,34.1,35.2,28.4,29.6,27.6,28.0,29.8,33.6,28.9,31.4,30.2
F,OC1,EMP,PC,Y50-59,IS,32.6,34.0,34.0,39.5,37.3,38.6,34.7,36.0,32.8,30.5,45.5,45.9
F,OC1,EMP,PC,Y50-59,IT,31.7,34.1,31.4,24.3,26.1,26.8,26.7,25.9,27.7,27.8,26.4,25.5
F,OC1,EMP,PC,Y50-59,LT,42.8,40.8,46.8,41.4,43.2,42.1,40.9,41.5,44.1,45.8,41.8,41.6
F,OC1,EMP,PC,Y50-59,LU,34.5,20.0,,,,,,,,,,22.6
F,OC1,EMP,PC,Y50-59,LV,47.0,50.9,44.7,47.9,47.8,43.8,46.6,52.2,56.2,52.5,52.5,54.4
F,OC1,EMP,PC,Y50-59,ME,,,,,,,,,27.9,,,43.8
F,OC1,EMP,PC,Y50-59,MK,27.1,23.2,26.0,25.5,16.7,23.9,35.9,29.2,26.4,18.2,27.6,29.0
F,OC1,EMP,PC,Y50-59,MT,18.4,18.2,13.9,10.5,16.2,20.5,17.1,18.6,15.9,23.5,26.9,32.2
F,OC1,EMP,PC,Y50-59,NL,25.9,26.5,27.2,25.6,26.6,21.5,22.4,22.6,23.1,23.6,21.2,21.7
F,OC1,EMP,PC,Y50-59,NO,27.4,30.2,30.4,28.2,30.1,33.9,37.6,38.1,35.8,35.2,35.4,35.2
F,OC1,EMP,PC,Y50-59,PL,34.6,33.7,33.7,38.8,37.0,38.9,42.4,44.0,42.4,42.1,48.0,43.6
F,OC1,EMP,PC,Y50-59,PT,25.0,27.6,29.3,32.5,32.7,28.2,30.7,30.5,31.5,28.9,26.8,31.9
F,OC1,EMP,PC,Y50-59,RO,26.4,30.9,28.2,28.0,29.9,30.8,30.2,29.0,28.8,,24.7,32.5
F,OC1,EMP,PC,Y50-59,RS,,,31.6,,,36.3,36.6,25.8,30.1,34.9,35.1,35.4
F,OC1,EMP,PC,Y50-59,SE,30.6,31.0,31.5,34.8,36.3,37.7,38.6,40.6,41.4,40.7,39.5,39.8
F,OC1,EMP,PC,Y50-59,SI,26.6,30.7,32.4,35.7,37.5,35.8,38.0,35.8,34.7,35.7,35.6,36.6
F,OC1,EMP,PC,Y50-59,SK,27.3,33.0,37.0,35.7,37.3,33.2,33.2,34.6,35.1,31.9,34.1,34.9
F,OC1,EMP,PC,Y50-59,TR,5.0,5.5,5.7,5.9,7.6,7.4,6.9,6.4,9.1,7.5,8.3,10.2
F,OC1,EMP,PC,Y50-59,UK,32.6,32.7,35.2,35.0,33.3,35.2,35.2,35.9,35.9,37.9,34.7,35.3
F,OC1,EMP,PC,Y50-64,AT,28.0,25.8,28.5,26.0,26.7,26.7,26.4,26.1,29.3,30.3,28.4,29.9
F,OC1,EMP,PC,Y50-64,BE,25.9,28.1,27.8,24.1,25.3,24.5,24.3,26.0,26.9,26.4,25.7,27.2
F,OC1,EMP,PC,Y50-64,BG,30.9,31.3,31.2,34.8,34.3,34.1,34.0,33.9,36.1,38.8,36.8,36.1
F,OC1,EMP,PC,Y50-64,CH,25.5,28.3,28.9,27.9,27.3,26.6,26.5,28.0,29.1,27.1,27.6,29.2
F,OC1,EMP,PC,Y50-64,CY,19.2,17.9,16.7,15.1,16.4,12.0,13.2,19.2,20.4,18.0,18.9,21.4
F,OC1,EMP,PC,Y50-64,CZ,28.0,29.1,26.1,26.7,27.8,28.2,27.8,29.0,28.8,27.8,24.0,24.9
F,OC1,EMP,PC,Y50-64,DE,26.8,27.3,27.3,26.2,27.5,28.8,28.7,28.8,28.7,28.1,27.9,27.9
F,OC1,EMP,PC,Y50-64,DK,24.0,23.0,19.1,29.1,31.6,27.3,25.7,28.8,31.0,29.9,26.6,29.5
F,OC1,EMP,PC,Y50-64,EA19,30.0,30.2,30.8,28.1,28.8,28.6,28.0,28.4,29.0,28.6,28.2,29.2
F,OC1,EMP,PC,Y50-64,EE,43.7,45.5,41.4,41.0,39.1,37.7,39.2,39.1,39.4,42.9,41.2,47.3
F,OC1,EMP,PC,Y50-64,EL,26.8,27.5,28.5,22.2,26.5,27.2,24.1,23.0,22.6,31.9,26.8,23.4
F,OC1,EMP,PC,Y50-64,ES,30.8,31.1,33.0,22.4,23.7,26.7,26.0,27.9,26.1,25.9,24.4,27.3
F,OC1,EMP,PC,Y50-64,EU27_2020,30.2,30.3,30.7,29.4,29.7,29.7,29.4,30.2,30.6,30.2,29.9,30.6
F,OC1,EMP,PC,Y50-64,EU28,30.5,30.7,31.4,30.4,30.4,30.8,30.7,31.4,31.8,31.8,31.0,31.7
F,OC1,EMP,PC,Y50-64,FI,30.3,29.6,33.0,34.0,31.7,28.6,36.9,34.7,34.8,32.2,33.0,36.7
F,OC1,EMP,PC,Y50-64,FR,34.5,32.5,35.1,35.8,34.3,33.4,30.1,30.0,30.4,30.0,30.7,33.1
F,OC1,EMP,PC,Y50-64,HR,23.7,27.7,26.7,22.1,20.4,22.1,18.3,26.2,23.1,27.2,27.8,23.4
F,OC1,EMP,PC,Y50-64,HU,39.8,37.5,34.1,43.6,37.8,42.6,43.0,47.7,45.0,41.6,44.5,42.7
F,OC1,EMP,PC,Y50-64,IE,32.5,33.1,33.9,28.9,28.9,26.7,27.9,29.1,33.8,28.9,31.6,29.7
F,OC1,EMP,PC,Y50-64,IS,30.2,34.5,33.3,36.8,38.5,37.8,35.3,34.3,31.7,29.3,41.6,42.9
F,OC1,EMP,PC,Y50-64,IT,31.8,32.8,30.5,23.0,25.6,25.0,25.3,25.0,27.8,27.3,26.3,25.4
F,OC1,EMP,PC,Y50-64,LT,42.4,42.0,46.5,40.9,42.2,41.9,37.8,41.8,43.6,43.8,42.5,42.7
F,OC1,EMP,PC,Y50-64,LU,32.4,16.7,19.4,16.1,,,18.5,,,,,18.4
F,OC1,EMP,PC,Y50-64,LV,44.4,50.0,46.0,49.8,48.8,43.2,47.4,50.0,53.7,52.0,52.4,53.1
F,OC1,EMP,PC,Y50-64,ME,,,,,,,,,25.0,23.2,28.0,38.1
F,OC1,EMP,PC,Y50-64,MK,24.5,22.9,23.8,24.8,15.8,23.8,32.3,26.9,24.1,17.8,25.0,26.4
F,OC1,EMP,PC,Y50-64,MT,16.3,15.4,15.6,11.1,14.3,19.6,21.2,19.6,15.1,19.7,27.7,30.7
F,OC1,EMP,PC,Y50-64,NL,24.7,25.9,26.3,24.7,24.7,20.8,21.7,22.2,22.3,22.9,21.3,21.1
F,OC1,EMP,PC,Y50-64,NO,27.9,29.6,30.9,28.3,29.5,32.1,35.8,36.5,34.3,34.6,34.0,33.5
F,OC1,EMP,PC,Y50-64,PL,33.5,32.5,32.6,36.4,34.9,35.7,38.1,40.6,39.4,39.4,42.9,41.6
F,OC1,EMP,PC,Y50-64,PT,26.0,26.3,27.0,30.8,32.2,28.2,29.6,28.7,30.8,28.8,26.0,31.5
F,OC1,EMP,PC,Y50-64,RO,24.7,28.7,25.2,25.4,27.0,29.0,27.8,28.2,28.0,21.9,24.0,30.9
F,OC1,EMP,PC,Y50-64,RS,,,28.5,,,29.2,31.4,23.7,25.4,29.3,30.3,31.9
F,OC1,EMP,PC,Y50-64,SE,29.3,29.9,29.9,33.7,35.1,36.4,37.4,40.4,41.5,40.7,38.4,39.1
F,OC1,EMP,PC,Y50-64,SI,25.4,29.9,30.7,33.6,36.1,33.3,36.0,35.3,35.7,35.0,32.1,34.1
F,OC1,EMP,PC,Y50-64,SK,25.9,30.7,34.1,33.0,35.2,31.1,30.3,32.7,33.4,31.2,31.7,34.7
F,OC1,EMP,PC,Y50-64,TR,4.6,5.1,5.4,5.8,7.2,6.8,6.0,6.0,8.4,7.4,8.0,10.0
F,OC1,EMP,PC,Y50-64,UK,31.4,31.8,33.7,34.0,32.5,34.3,34.7,35.3,35.5,36.6,34.4,35.0
F,OC1,EMP,PC,Y50-74,AT,27.6,26.8,29.0,26.0,25.7,26.7,27.0,25.8,29.2,30.1,28.0,29.6
F,OC1,EMP,PC,Y50-74,BE,26.3,27.8,27.4,24.2,25.0,24.9,24.4,25.8,26.6,26.7,26.1,27.5
F,OC1,EMP,PC,Y50-74,BG,30.2,30.3,30.2,33.8,33.8,33.4,33.1,33.1,35.2,38.6,36.5,35.1
F,OC1,EMP,PC,Y50-74,CH,24.9,28.7,29.3,27.5,26.7,25.9,26.2,27.8,28.8,26.7,27.4,29.3
F,OC1,EMP,PC,Y50-74,CY,19.0,16.7,15.4,15.5,16.9,14.3,13.8,17.2,20.0,17.5,17.3,21.5
F,OC1,EMP,PC,Y50-74,CZ,27.8,28.3,25.1,26.3,27.3,27.7,27.1,28.1,27.0,27.6,24.1,23.5
F,OC1,EMP,PC,Y50-74,DE,26.6,27.1,27.0,26.3,27.4,28.5,28.5,28.4,28.4,27.8,27.7,27.8
F,OC1,EMP,PC,Y50-74,DK,23.3,22.0,19.2,27.9,30.0,26.7,24.5,27.8,29.8,28.6,25.7,27.7
F,OC1,EMP,PC,Y50-74,EA19,29.8,29.9,30.7,27.8,28.4,28.1,27.6,28.0,28.8,28.2,27.9,28.9
F,OC1,EMP,PC,Y50-74,EE,42.9,44.3,41.2,40.8,40.1,37.4,37.7,38.0,41.4,42.8,41.7,48.6
F,OC1,EMP,PC,Y50-74,EL,26.5,27.5,28.5,22.0,26.3,26.5,23.5,23.8,23.3,30.8,27.1,24.2
F,OC1,EMP,PC,Y50-74,ES,30.8,31.2,33.7,22.9,24.1,26.9,26.1,28.0,26.6,25.7,24.9,27.3
F,OC1,EMP,PC,Y50-74,EU27_2020,29.9,30.0,30.5,29.0,29.3,29.3,28.9,29.7,30.1,29.7,29.4,30.1
F,OC1,EMP,PC,Y50-74,EU28,30.1,30.4,31.2,30.0,30.0,30.4,30.2,30.9,31.4,31.3,30.5,31.4
F,OC1,EMP,PC,Y50-74,FI,29.5,29.1,32.4,33.4,30.7,28.5,35.5,33.3,34.6,31.6,31.6,36.3
F,OC1,EMP,PC,Y50-74,FR,34.7,32.5,35.1,35.2,33.7,32.8,29.7,29.7,30.1,29.6,30.1,32.1
F,OC1,EMP,PC,Y50-74,HR,23.5,27.6,26.8,22.0,20.6,20.9,18.1,26.1,22.2,27.4,28.8,24.8
F,OC1,EMP,PC,Y50-74,HU,39.5,36.8,33.6,42.8,37.7,41.7,42.1,46.7,44.2,41.6,42.9,41.1
F,OC1,EMP,PC,Y50-74,IE,31.6,32.7,33.3,29.0,28.0,26.3,27.9,28.5,32.4,28.2,30.5,28.6
F,OC1,EMP,PC,Y50-74,IS,29.8,32.8,33.8,33.8,35.9,36.0,34.6,32.5,29.6,28.4,40.4,39.8
F,OC1,EMP,PC,Y50-74,IT,31.2,31.9,30.4,22.4,24.8,23.9,24.1,24.6,27.3,26.3,25.5,25.1
F,OC1,EMP,PC,Y50-74,LT,39.9,39.9,45.0,40.4,41.2,42.5,37.6,41.4,43.2,43.5,42.3,42.8
F,OC1,EMP,PC,Y50-74,LU,32.4,15.4,21.2,15.2,,,20.0,,,,,20.5
F,OC1,EMP,PC,Y50-74,LV,43.0,51.5,47.8,50.2,50.0,42.1,46.0,50.5,53.1,51.4,51.7,52.3
F,OC1,EMP,PC,Y50-74,ME,,,,,,,,,24.5,22.0,25.0,34.0
F,OC1,EMP,PC,Y50-74,MK,24.5,22.7,23.6,24.3,15.8,23.6,32.0,27.4,23.7,17.4,25.3,27.0
F,OC1,EMP,PC,Y50-74,MT,15.9,14.6,14.6,10.6,13.3,20.4,18.6,17.5,14.8,20.3,25.7,30.6
F,OC1,EMP,PC,Y50-74,NL,24.7,26.1,25.8,24.8,24.6,20.2,20.7,21.3,21.3,22.3,20.7,20.8
F,OC1,EMP,PC,Y50-74,NO,27.2,28.9,30.2,27.9,29.6,31.2,34.5,34.1,32.5,32.9,32.0,31.8
F,OC1,EMP,PC,Y50-74,PL,32.9,31.7,31.9,35.7,34.9,35.5,37.0,39.3,37.4,37.9,40.5,40.1
F,OC1,EMP,PC,Y50-74,PT,25.3,26.5,26.7,28.9,31.0,28.7,30.0,28.5,30.4,28.7,25.7,30.8
F,OC1,EMP,PC,Y50-74,RO,24.6,28.3,25.4,25.4,26.3,28.8,27.0,27.1,26.6,21.7,24.5,30.5
F,OC1,EMP,PC,Y50-74,RS,,,28.0,,,28.8,30.3,23.5,24.6,27.7,28.7,30.5
F,OC1,EMP,PC,Y50-74,SE,29.5,30.5,29.4,32.6,33.9,35.0,36.6,39.9,40.6,39.5,37.1,38.8
F,OC1,EMP,PC,Y50-74,SI,25.4,29.6,30.0,34.1,34.9,33.5,36.6,35.2,34.7,34.3,31.4,33.8
F,OC1,EMP,PC,Y50-74,SK,25.7,30.7,34.1,32.5,34.5,30.4,29.2,31.5,32.7,30.1,31.4,33.9
F,OC1,EMP,PC,Y50-74,TR,4.3,5.1,5.5,5.9,7.0,6.7,5.6,5.5,7.8,7.0,7.7,9.6
F,OC1,EMP,PC,Y50-74,UK,30.8,31.5,33.4,33.6,32.1,33.7,34.1,34.6,35.3,35.9,33.8,34.7
F,OC1,EMP,PC,Y55-64,AT,24.6,25.4,28.7,26.5,25.5,23.0,22.4,25.9,27.3,29.1,24.6,27.5
F,OC1,EMP,PC,Y55-64,BE,25.8,27.1,25.7,21.9,22.6,23.1,20.7,25.1,26.0,27.4,25.4,27.7
F,OC1,EMP,PC,Y55-64,BG,27.7,29.5,28.2,29.8,33.9,34.1,34.7,36.4,34.3,35.5,33.4,32.0
F,OC1,EMP,PC,Y55-64,CH,24.7,23.7,28.4,27.7,27.4,25.2,26.0,25.9,28.8,26.8,27.8,27.9
F,OC1,EMP,PC,Y55-64,CY,17.9,17.1,20.9,17.9,16.1,,,,19.4,,15.6,18.4
F,OC1,EMP,PC,Y55-64,CZ,23.1,25.8,23.8,26.6,26.7,27.5,26.3,23.4,28.3,25.9,24.3,23.9
F,OC1,EMP,PC,Y55-64,DE,25.7,26.1,26.9,24.9,27.0,28.4,28.9,28.8,29.1,28.0,28.3,28.1
F,OC1,EMP,PC,Y55-64,DK,22.7,22.4,18.9,29.2,34.2,27.1,24.3,28.3,34.1,29.2,29.1,33.0
F,OC1,EMP,PC,Y55-64,EA19,29.4,29.5,30.0,27.0,27.8,27.3,27.4,28.0,29.4,28.8,27.8,28.7
F,OC1,EMP,PC,Y55-64,EE,44.3,40.6,42.9,48.8,43.8,40.5,42.5,41.4,42.7,47.1,44.0,48.6
F,OC1,EMP,PC,Y55-64,EL,25.7,26.9,29.2,23.7,29.3,26.6,22.5,25.1,24.4,29.8,26.1,23.3
F,OC1,EMP,PC,Y55-64,ES,29.9,33.0,32.8,21.1,20.5,24.9,26.8,27.3,26.1,25.0,21.4,24.2
F,OC1,EMP,PC,Y55-64,EU27_2020,28.9,29.2,29.6,28.1,28.5,28.5,28.7,29.4,30.6,29.8,29.1,30.0
F,OC1,EMP,PC,Y55-64,EU28,29.1,29.5,30.2,29.3,29.6,29.7,29.9,30.5,31.7,30.9,30.1,31.0
F,OC1,EMP,PC,Y55-64,FI,27.9,29.2,32.8,33.0,31.8,30.0,39.5,36.6,34.4,28.0,32.4,36.0
F,OC1,EMP,PC,Y55-64,FR,35.8,31.4,33.6,33.8,33.6,31.7,29.5,30.4,32.0,31.1,29.3,32.3
F,OC1,EMP,PC,Y55-64,HR,24.0,29.8,28.0,32.2,21.2,19.8,18.7,18.6,14.0,21.7,18.6,20.1
F,OC1,EMP,PC,Y55-64,HU,35.1,33.0,31.9,42.0,32.5,36.0,38.7,42.1,39.5,35.4,30.4,37.5
F,OC1,EMP,PC,Y55-64,IE,31.7,31.7,32.6,30.6,29.4,27.4,27.6,28.0,33.8,28.7,31.3,27.2
F,OC1,EMP,PC,Y55-64,IS,28.6,36.4,29.0,32.4,32.4,37.2,36.6,35.7,31.4,26.0,39.6,39.2
F,OC1,EMP,PC,Y55-64,IT,31.6,31.5,30.0,23.8,25.1,23.2,24.6,24.7,29.5,27.8,26.7,25.8
F,OC1,EMP,PC,Y55-64,LT,45.0,44.9,48.6,43.5,41.5,39.8,35.0,40.3,40.2,42.3,42.6,44.8
F,OC1,EMP,PC,Y55-64,LU,,,,,,,,,,,,
F,OC1,EMP,PC,Y55-64,LV,38.4,44.2,46.9,52.1,49.2,45.3,49.6,47.7,52.9,54.6,56.5,52.3
F,OC1,EMP,PC,Y55-64,ME,,,,,,,,,,,,
F,OC1,EMP,PC,Y55-64,MK,22.2,20.8,21.3,23.7,17.1,21.8,21.4,23.5,20.7,20.7,22.2,25.0
F,OC1,EMP,PC,Y55-64,MT,,,15.4,,,20.7,20.6,18.8,16.1,16.1,21.2,26.7
F,OC1,EMP,PC,Y55-64,NL,22.7,25.6,25.8,22.9,22.5,19.9,19.6,20.7,21.2,22.5,22.0,20.7
F,OC1,EMP,PC,Y55-64,NO,29.0,29.8,29.3,28.2,28.6,30.6,32.5,34.8,32.0,32.0,32.2,32.3
F,OC1,EMP,PC,Y55-64,PL,26.0,27.4,28.7,33.1,33.0,34.0,35.3,36.8,37.3,37.2,40.7,41.3
F,OC1,EMP,PC,Y55-64,PT,27.3,24.5,22.9,29.3,35.4,27.4,28.1,26.1,28.1,29.5,27.0,31.2
F,OC1,EMP,PC,Y55-64,RO,,,,,,26.3,26.9,,,,,
F,OC1,EMP,PC,Y55-64,RS,,,20.2,,,22.8,27.4,18.3,23.0,21.4,24.6,29.4
F,OC1,EMP,PC,Y55-64,SE,29.5,29.2,28.4,32.8,33.9,34.8,37.3,41.0,42.2,38.8,37.4,39.6
F,OC1,EMP,PC,Y55-64,SI,22.3,30.8,24.6,27.4,26.4,26.5,35.3,34.0,35.6,33.0,31.9,32.3
F,OC1,EMP,PC,Y55-64,SK,22.5,29.2,29.5,29.5,33.7,28.6,24.6,21.2,29.1,30.5,34.6,33.0
F,OC1,EMP,PC,Y55-64,TR,3.1,3.7,3.7,3.8,5.0,5.6,4.1,5.0,7.8,7.0,7.0,7.3
F,OC1,EMP,PC,Y55-64,UK,29.7,30.5,32.3,33.3,33.0,33.7,34.0,34.2,34.9,34.4,33.1,33.9
F,OC1,EMP,PC,Y55-74,AT,24.4,27.3,29.4,26.6,24.0,23.3,24.4,25.8,27.2,28.7,24.3,27.3
F,OC1,EMP,PC,Y55-74,BE,26.5,26.8,25.1,22.2,22.3,24.1,21.2,24.7,25.5,28.0,26.2,28.2
F,OC1,EMP,PC,Y55-74,BG,27.0,27.9,26.6,28.5,33.3,33.2,33.5,34.9,33.0,35.6,33.4,31.1
F,OC1,EMP,PC,Y55-74,CH,23.9,25.1,29.3,27.0,26.1,24.1,25.8,25.9,28.2,26.3,27.5,28.1
F,OC1,EMP,PC,Y55-74,CY,17.1,15.2,18.8,18.8,20.6,14.3,,,18.9,,13.7,18.8
F,OC1,EMP,PC,Y55-74,CZ,23.0,24.9,22.2,25.8,26.2,26.7,25.4,22.7,25.4,26.1,24.3,22.1
F,OC1,EMP,PC,Y55-74,DE,25.5,25.8,26.5,25.1,27.1,27.9,28.5,28.3,28.5,27.5,27.9,27.9
F,OC1,EMP,PC,Y55-74,DK,21.7,20.8,19.2,27.0,31.3,26.2,21.8,26.9,31.5,27.6,27.1,29.3
F,OC1,EMP,PC,Y55-74,EA19,29.1,29.2,29.9,26.6,27.2,26.7,26.7,27.4,28.9,28.1,27.3,28.2
F,OC1,EMP,PC,Y55-74,EE,42.2,39.0,42.3,49.5,44.9,40.0,39.7,38.9,45.4,45.5,44.2,50.4
F,OC1,EMP,PC,Y55-74,EL,25.4,27.0,29.0,23.0,28.6,25.4,21.5,25.9,25.3,28.0,26.7,24.6
F,OC1,EMP,PC,Y55-74,ES,30.1,32.9,33.9,22.1,21.5,25.5,26.9,27.6,26.9,24.8,22.6,24.6
F,OC1,EMP,PC,Y55-74,EU27_2020,28.6,28.8,29.4,27.6,28.0,27.8,27.9,28.7,29.8,29.0,28.3,29.4
F,OC1,EMP,PC,Y55-74,EU28,28.6,29.1,30.0,28.8,29.0,29.1,29.2,29.8,31.1,30.3,29.4,30.5
F,OC1,EMP,PC,Y55-74,FI,26.7,28.3,31.6,32.1,30.7,29.7,37.8,33.9,33.6,28.0,29.8,35.1
F,OC1,EMP,PC,Y55-74,FR,36.1,31.4,33.9,32.9,32.4,30.7,28.8,29.8,31.2,30.3,28.5,30.6
F,OC1,EMP,PC,Y55-74,HR,23.6,30.1,28.2,32.2,21.2,17.9,17.4,18.8,13.1,22.1,21.0,22.1
F,OC1,EMP,PC,Y55-74,HU,35.0,32.1,31.2,40.5,32.4,34.9,37.3,40.7,38.7,35.5,28.9,35.3
F,OC1,EMP,PC,Y55-74,IE,30.1,31.3,31.8,30.5,27.7,26.7,27.5,26.9,31.6,27.5,29.4,26.0
F,OC1,EMP,PC,Y55-74,IS,28.1,33.3,27.0,26.8,29.8,34.5,35.3,32.7,28.4,25.4,38.3,35.9
F,OC1,EMP,PC,Y55-74,IT,30.7,30.3,30.0,22.8,23.9,21.7,22.8,24.0,28.4,26.3,25.5,25.4
F,OC1,EMP,PC,Y55-74,LT,39.4,40.8,45.6,42.5,39.6,41.3,35.2,40.1,40.1,42.2,42.3,44.7
F,OC1,EMP,PC,Y55-74,LU,31.3,,,,,,,,,,,21.7
F,OC1,EMP,PC,Y55-74,LV,37.6,47.5,50.0,51.4,51.0,43.4,46.0,49.2,52.1,53.1,54.5,51.4
F,OC1,EMP,PC,Y55-74,ME,,,,,,,,,,,,
F,OC1,EMP,PC,Y55-74,MK,22.2,20.4,21.3,23.3,16.7,23.2,22.8,22.6,20.0,20.0,23.2,26.3
F,OC1,EMP,PC,Y55-74,MT,,,13.8,,,18.8,17.1,15.8,15.4,15.4,18.4,25.0
F,OC1,EMP,PC,Y55-74,NL,23.0,25.9,25.0,23.3,22.6,19.0,18.1,19.4,19.7,21.4,21.0,20.2
F,OC1,EMP,PC,Y55-74,NO,27.7,28.5,28.1,27.6,28.5,29.2,30.9,31.1,29.4,29.6,29.5,29.7
F,OC1,EMP,PC,Y55-74,PL,25.5,26.4,27.7,32.2,33.1,33.9,34.0,35.2,34.6,35.2,37.5,39.1
F,OC1,EMP,PC,Y55-74,PT,25.8,25.3,23.6,26.6,32.6,28.3,29.2,26.4,28.1,29.3,26.5,30.0
F,OC1,EMP,PC,Y55-74,RO,,,,,,26.0,25.7,,,,,27.4
F,OC1,EMP,PC,Y55-74,RS,,,19.3,,,22.2,25.8,18.7,22.0,20.0,22.7,27.6
F,OC1,EMP,PC,Y55-74,SE,29.8,30.1,27.7,31.1,32.0,32.7,35.8,40.0,40.6,37.1,35.1,39.1
F,OC1,EMP,PC,Y55-74,SI,22.2,30.1,24.0,28.7,25.8,27.6,37.0,33.9,33.6,31.3,29.9,31.9
F,OC1,EMP,PC,Y55-74,SK,22.2,29.3,29.3,29.0,32.6,27.4,23.5,20.7,28.4,29.2,33.8,32.1
F,OC1,EMP,PC,Y55-74,TR,2.8,4.0,4.2,4.2,5.0,5.6,3.7,4.3,6.8,6.4,6.5,7.1
F,OC1,EMP,PC,Y55-74,UK,28.9,30.2,32.0,32.7,32.2,32.8,33.2,33.1,34.7,33.8,32.4,33.6
F,OC1,EMP,PC,Y_GE15,AT,28.1,27.3,28.9,27.5,30.1,29.4,30.3,29.7,31.8,31.8,31.6,33.3
F,OC1,EMP,PC,Y_GE15,BE,32.7,34.0,34.1,29.9,32.4,31.4,31.7,32.5,32.7,33.5,33.9,32.7
F,OC1,EMP,PC,Y_GE15,BG,32.3,32.1,33.3,36.8,36.4,36.5,36.7,36.5,37.9,39.2,38.6,39.0
F,OC1,EMP,PC,Y_GE15,CH,30.2,31.5,33.5,30.7,30.5,29.8,30.8,32.3,32.8,30.4,31.7,33.5
F,OC1,EMP,PC,Y_GE15,CY,16.0,12.2,13.8,14.7,15.9,18.9,17.5,22.6,26.0,20.4,17.2,21.3
F,OC1,EMP,PC,Y_GE15,CZ,28.1,29.0,27.7,25.7,26.2,27.2,27.9,29.5,25.4,24.7,26.8,26.8
F,OC1,EMP,PC,Y_GE15,DE,29.2,29.7,29.9,30.3,28.6,28.9,29.0,29.3,29.3,29.2,29.4,29.4
F,OC1,EMP,PC,Y_GE15,DK,23.6,24.6,21.9,27.8,28.3,26.8,26.0,26.4,27.4,26.3,26.1,26.7
F,OC1,EMP,PC,Y_GE15,EA19,32.7,33.0,33.4,32.1,32.2,31.2,30.6,30.4,31.3,31.3,31.6,32.1
F,OC1,EMP,PC,Y_GE15,EE,36.0,35.3,36.0,35.4,31.9,33.3,32.5,30.8,36.2,38.5,36.1,37.1
F,OC1,EMP,PC,Y_GE15,EL,28.5,30.1,30.2,23.6,26.0,28.8,28.3,25.7,25.5,29.8,27.5,28.0
F,OC1,EMP,PC,Y_GE15,ES,32.5,33.2,34.3,29.9,30.2,30.8,30.9,31.4,31.2,30.6,32.1,33.2
F,OC1,EMP,PC,Y_GE15,EU27_2020,32.7,33.0,33.3,32.7,32.8,32.1,31.7,31.9,32.6,32.6,33.0,33.5
F,OC1,EMP,PC,Y_GE15,EU28,33.2,33.6,33.9,33.1,33.2,32.5,32.6,32.8,33.5,33.6,33.8,34.4
F,OC1,EMP,PC,Y_GE15,FI,29.5,29.7,30.4,32.0,29.7,29.6,33.6,33.4,34.1,31.3,31.9,36.9
F,OC1,EMP,PC,Y_GE15,FR,38.5,38.1,38.5,39.3,39.3,36.0,32.7,31.8,33.1,33.4,34.4,34.6
F,OC1,EMP,PC,Y_GE15,HR,25.5,25.2,25.8,23.9,26.1,24.4,23.1,26.7,30.0,29.1,30.0,26.4
F,OC1,EMP,PC,Y_GE15,HU,36.5,36.2,36.5,40.4,38.9,40.8,39.8,40.5,39.4,39.3,38.6,38.9
F,OC1,EMP,PC,Y_GE15,IE,39.9,39.5,39.1,33.8,33.2,33.3,33.7,34.6,36.2,36.2,36.0,35.3
F,OC1,EMP,PC,Y_GE15,IS,32.7,33.3,34.5,40.0,40.0,37.3,37.4,37.9,34.0,32.5,41.2,41.8
F,OC1,EMP,PC,Y_GE15,IT,33.4,33.8,32.8,25.1,26.0,27.0,26.6,26.6,27.7,27.5,27.0,27.8
F,OC1,EMP,PC,Y_GE15,LT,40.2,39.3,41.1,39.1,38.9,39.5,38.5,39.6,39.4,39.3,39.2,39.2
F,OC1,EMP,PC,Y_GE15,LU,27.4,18.8,24.3,24.2,18.5,15.5,22.1,17.3,17.4,19.0,25.0,26.2
F,OC1,EMP,PC,Y_GE15,LV,42.5,44.3,42.0,45.5,45.8,43.8,44.1,44.3,47.2,46.3,44.8,45.8
F,OC1,EMP,PC,Y_GE15,ME,,,,30.7,28.4,25.8,26.3,22.0,29.3,22.1,28.9,36.0
F,OC1,EMP,PC,Y_GE15,MK,28.4,26.9,27.8,27.9,23.0,27.3,29.0,24.1,25.1,24.0,26.7,26.2
F,OC1,EMP,PC,Y_GE15,MT,17.2,21.1,22.4,24.1,27.0,28.2,26.6,26.6,27.8,28.6,28.9,30.0
F,OC1,EMP,PC,Y_GE15,NL,27.3,28.2,28.4,29.3,28.8,24.6,25.5,26.0,25.4,26.6,25.7,27.1
F,OC1,EMP,PC,Y_GE15,NO,31.5,34.0,34.4,31.5,32.2,32.9,35.5,36.0,37.9,38.3,35.6,34.4
F,OC1,EMP,PC,Y_GE15,PL,36.1,35.5,35.6,38.0,37.8,37.8,38.8,40.2,41.2,41.2,42.5,43.0
F,OC1,EMP,PC,Y_GE15,PT,31.5,31.8,32.3,33.4,35.2,33.7,35.1,32.6,35.8,34.3,34.0,37.1
F,OC1,EMP,PC,Y_GE15,RO,29.5,31.2,31.0,30.9,31.0,31.2,31.6,31.5,33.6,30.4,31.6,33.6
F,OC1,EMP,PC,Y_GE15,RS,,,33.3,,,31.5,29.8,28.6,29.4,30.7,31.4,32.7
F,OC1,EMP,PC,Y_GE15,SE,32.1,32.5,31.3,34.5,35.5,35.4,37.1,39.5,39.3,38.9,38.1,40.3
F,OC1,EMP,PC,Y_GE15,SI,34.9,35.6,34.8,38.5,39.0,37.0,37.5,37.4,40.9,41.1,38.5,40.1
F,OC1,EMP,PC,Y_GE15,SK,29.6,32.2,34.6,30.9,33.2,32.7,30.0,31.3,35.0,32.7,32.1,33.7
F,OC1,EMP,PC,Y_GE15,TR,9.8,10.2,10.0,11.0,12.1,14.4,13.4,13.2,15.1,15.0,14.8,16.2
F,OC1,EMP,PC,Y_GE15,UK,34.9,35.6,35.7,34.6,34.4,33.9,35.3,35.4,36.0,36.1,36.3,36.8
F,OC1,EMP,PC,Y_GE25,AT,27.5,26.6,28.5,27.3,29.4,29.1,30.2,29.7,31.6,31.8,31.6,33.1
F,OC1,EMP,PC,Y_GE25,BE,32.3,33.9,33.8,29.7,32.3,31.4,31.5,32.3,32.4,33.5,33.7,32.7
F,OC1,EMP,PC,Y_GE25,BG,32.2,32.0,33.2,36.4,36.5,36.6,36.8,36.6,37.8,39.3,38.6,38.9
F,OC1,EMP,PC,Y_GE25,CH,29.6,30.9,32.2,30.4,30.2,29.4,30.5,32.1,32.4,30.1,31.5,33.4
F,OC1,EMP,PC,Y_GE25,CY,16.1,12.2,13.8,14.8,16.0,19.0,17.7,22.7,26.2,20.4,17.2,21.3
F,OC1,EMP,PC,Y_GE25,CZ,27.7,28.9,27.3,25.6,26.1,27.1,27.7,29.3,25.3,24.7,26.7,26.7
F,OC1,EMP,PC,Y_GE25,DE,28.8,29.3,29.6,30.0,28.6,28.8,28.9,29.2,29.1,29.1,29.3,29.3
F,OC1,EMP,PC,Y_GE25,DK,23.4,24.3,21.8,27.7,28.4,26.8,26.1,26.4,27.6,26.2,26.2,26.8
F,OC1,EMP,PC,Y_GE25,EA19,32.5,32.9,33.2,31.9,32.1,31.1,30.4,30.3,31.1,31.2,31.5,32.0
F,OC1,EMP,PC,Y_GE25,EE,35.9,35.5,35.6,35.7,31.9,33.3,32.3,30.3,35.6,38.0,35.9,37.0
F,OC1,EMP,PC,Y_GE25,EL,28.4,29.9,30.2,23.5,25.9,28.5,28.2,25.7,25.5,29.3,27.3,28.1
F,OC1,EMP,PC,Y_GE25,ES,32.3,33.2,34.3,29.9,30.1,30.7,30.9,31.3,31.2,30.5,32.2,33.2
F,OC1,EMP,PC,Y_GE25,EU27_2020,32.5,32.8,33.1,32.6,32.7,32.0,31.7,31.8,32.5,32.6,32.9,33.4
F,OC1,EMP,PC,Y_GE25,EU28,32.9,33.4,33.7,33.0,33.1,32.4,32.5,32.6,33.4,33.5,33.7,34.3
F,OC1,EMP,PC,Y_GE25,FI,29.6,29.7,30.4,31.9,29.7,29.6,33.7,33.5,34.1,31.3,31.8,36.9
F,OC1,EMP,PC,Y_GE25,FR,38.2,38.1,38.4,39.2,39.3,36.0,32.6,31.6,33.0,33.4,34.4,34.6
F,OC1,EMP,PC,Y_GE25,HR,25.4,25.3,25.8,23.7,26.2,24.8,23.0,26.9,30.2,29.4,30.3,26.6
F,OC1,EMP,PC,Y_GE25,HU,36.5,35.8,36.2,40.6,38.8,40.8,39.8,40.4,39.2,39.4,38.6,38.8
F,OC1,EMP,PC,Y_GE25,IE,38.7,39.0,38.6,33.0,32.7,33.0,33.4,34.3,36.1,36.0,35.7,35.2
F,OC1,EMP,PC,Y_GE25,IS,32.5,33.7,34.5,39.9,39.9,37.7,37.1,38.0,34.2,32.2,41.5,42.3
F,OC1,EMP,PC,Y_GE25,IT,33.4,33.7,32.8,25.2,26.1,26.9,26.5,26.6,27.4,27.3,27.1,27.8
F,OC1,EMP,PC,Y_GE25,LT,40.3,39.3,41.2,39.3,39.0,39.5,38.4,39.3,39.2,39.2,39.1,39.1
F,OC1,EMP,PC,Y_GE25,LU,27.4,18.8,24.5,24.2,18.5,14.0,22.1,17.3,17.4,19.0,22.4,25.5
F,OC1,EMP,PC,Y_GE25,LV,42.8,44.1,42.0,45.7,45.9,44.0,44.3,44.2,47.2,46.8,45.2,46.2
F,OC1,EMP,PC,Y_GE25,ME,,,,30.3,27.4,25.5,26.8,21.7,29.5,22.2,27.2,36.3
F,OC1,EMP,PC,Y_GE25,MK,28.2,26.9,27.9,28.1,23.3,27.2,28.8,24.0,25.4,24.3,27.1,26.5
F,OC1,EMP,PC,Y_GE25,MT,17.5,20.8,22.5,23.4,25.9,27.9,26.6,26.5,27.0,28.2,29.0,30.1
F,OC1,EMP,PC,Y_GE25,NL,27.0,27.9,28.3,29.0,28.4,24.3,25.1,25.7,25.1,26.4,25.4,26.9
F,OC1,EMP,PC,Y_GE25,NO,31.3,33.2,34.0,31.4,32.2,32.6,35.4,35.8,37.4,37.7,35.2,34.3
F,OC1,EMP,PC,Y_GE25,PL,36.2,35.6,35.6,37.9,37.8,37.7,38.9,40.1,41.0,41.1,42.4,42.9
F,OC1,EMP,PC,Y_GE25,PT,31.2,31.5,32.1,33.3,34.8,33.8,35.2,32.7,35.8,34.2,33.7,37.1
F,OC1,EMP,PC,Y_GE25,RO,29.5,30.7,30.9,30.8,31.1,31.1,31.7,31.4,33.5,30.2,31.2,33.2
F,OC1,EMP,PC,Y_GE25,RS,,,33.8,,,31.5,29.7,28.7,29.4,31.0,31.1,32.9
F,OC1,EMP,PC,Y_GE25,SE,31.9,32.3,31.2,34.3,35.6,35.4,37.1,39.6,39.3,38.9,38.2,40.0
F,OC1,EMP,PC,Y_GE25,SI,34.8,35.7,34.8,38.7,39.0,37.0,37.6,37.6,40.9,41.2,38.4,40.2
F,OC1,EMP,PC,Y_GE25,SK,29.5,31.9,34.2,30.8,33.2,32.9,30.0,31.2,35.0,33.1,32.3,33.8
F,OC1,EMP,PC,Y_GE25,TR,9.6,9.9,9.8,10.8,12.0,14.2,13.1,13.0,15.0,14.9,14.7,16.1
F,OC1,EMP,PC,Y_GE25,UK,34.3,35.3,35.5,34.5,34.1,33.6,34.9,35.1,35.8,36.0,36.0,36.7
F,OC1,EMP,PC,Y_GE50,AT,27.9,26.7,29.1,26.0,25.7,26.7,26.9,25.9,29.1,30.1,28.0,29.5
F,OC1,EMP,PC,Y_GE50,BE,26.6,27.9,27.4,24.2,25.0,25.2,24.3,25.5,26.9,26.9,26.4,27.4
F,OC1,EMP,PC,Y_GE50,BG,30.0,30.4,30.2,33.6,33.7,33.2,33.1,33.2,34.9,38.5,36.4,35.1
F,OC1,EMP,PC,Y_GE50,CH,25.3,28.6,29.3,27.4,26.6,25.7,26.1,27.7,28.6,26.6,27.3,29.4
F,OC1,EMP,PC,Y_GE50,CY,18.0,16.2,15.2,15.3,16.7,14.0,13.3,16.4,20.3,17.2,17.1,21.0
F,OC1,EMP,PC,Y_GE50,CZ,27.7,28.2,24.9,26.2,27.3,27.6,27.0,28.1,27.1,27.5,23.9,23.4
F,OC1,EMP,PC,Y_GE50,DE,26.8,27.1,27.2,26.5,27.6,28.6,28.6,28.5,28.3,27.8,27.6,27.8
F,OC1,EMP,PC,Y_GE50,DK,23.3,22.0,19.2,27.9,30.0,26.7,24.5,27.8,29.8,28.6,25.7,27.7
F,OC1,EMP,PC,Y_GE50,EA19,29.9,30.0,30.7,27.8,28.5,28.1,27.5,27.9,28.7,28.2,27.8,28.8
F,OC1,EMP,PC,Y_GE50,EE,42.9,44.3,41.2,40.8,40.1,37.4,37.7,38.0,41.4,42.8,41.7,48.6
F,OC1,EMP,PC,Y_GE50,EL,26.4,27.6,28.5,21.9,26.3,26.4,22.9,23.0,23.2,30.6,26.8,24.2
F,OC1,EMP,PC,Y_GE50,ES,30.9,31.2,33.6,23.1,24.6,27.0,26.1,27.9,26.7,25.8,24.9,27.2
F,OC1,EMP,PC,Y_GE50,EU27_2020,30.0,30.0,30.5,29.0,29.3,29.2,28.8,29.6,30.0,29.7,29.3,30.0
F,OC1,EMP,PC,Y_GE50,EU28,30.2,30.4,31.2,30.0,30.1,30.3,30.1,30.9,31.3,31.3,30.5,31.3
F,OC1,EMP,PC,Y_GE50,FI,29.5,29.1,32.4,33.4,30.7,28.5,35.5,33.3,34.6,31.6,31.6,36.3
F,OC1,EMP,PC,Y_GE50,FR,35.0,32.6,35.3,35.1,33.6,32.9,29.7,29.6,30.0,29.7,30.2,32.1
F,OC1,EMP,PC,Y_GE50,HR,23.5,27.6,26.8,22.0,20.6,20.7,19.0,26.4,22.5,27.3,28.4,24.6
F,OC1,EMP,PC,Y_GE50,HU,39.5,36.8,33.6,42.8,37.7,41.7,42.1,46.7,44.2,41.6,42.9,41.1
F,OC1,EMP,PC,Y_GE50,IE,31.6,32.5,33.3,29.0,28.2,26.6,27.9,28.2,32.3,28.2,30.4,28.5
F,OC1,EMP,PC,Y_GE50,IS,29.8,32.8,33.8,33.8,35.9,36.0,34.6,32.5,29.6,28.4,40.4,39.8
F,OC1,EMP,PC,Y_GE50,IT,31.1,32.0,30.5,22.5,24.7,23.7,23.8,24.3,26.8,26.0,25.1,24.6
F,OC1,EMP,PC,Y_GE50,LT,39.7,39.9,44.9,40.4,41.2,42.0,37.6,41.6,44.5,43.7,42.0,43.1
F,OC1,EMP,PC,Y_GE50,LU,32.4,15.0,20.6,15.2,,,20.0,,,,,20.0
F,OC1,EMP,PC,Y_GE50,LV,43.0,51.5,47.8,50.2,50.0,42.1,46.0,50.5,53.1,51.4,51.7,52.3
F,OC1,EMP,PC,Y_GE50,ME,,,,,27.9,,,,24.5,22.0,25.0,34.0
F,OC1,EMP,PC,Y_GE50,MK,24.5,22.7,23.6,24.3,15.8,23.6,32.0,27.4,23.7,17.4,25.3,27.0
F,OC1,EMP,PC,Y_GE50,MT,15.9,14.6,14.6,10.4,13.0,20.0,18.6,17.2,14.5,20.3,25.4,30.2
F,OC1,EMP,PC,Y_GE50,NL,24.8,26.2,25.8,24.7,24.5,20.2,20.6,21.3,21.2,22.3,20.6,20.7
F,OC1,EMP,PC,Y_GE50,NO,27.2,28.9,30.2,27.9,29.6,31.2,34.5,34.1,32.5,32.9,32.0,31.8
F,OC1,EMP,PC,Y_GE50,PL,32.9,31.6,31.8,35.7,34.8,35.4,36.9,39.2,37.3,37.9,40.5,40.0
F,OC1,EMP,PC,Y_GE50,PT,25.6,26.8,26.6,28.7,30.4,28.2,29.7,28.3,30.3,28.7,25.6,31.2
F,OC1,EMP,PC,Y_GE50,RO,24.6,28.3,25.4,25.4,26.3,28.8,27.0,27.1,26.6,21.7,24.5,30.5
F,OC1,EMP,PC,Y_GE50,RS,,,28.0,,,28.5,30.3,23.8,24.6,27.6,28.6,30.5
F,OC1,EMP,PC,Y_GE50,SE,29.5,30.5,29.4,32.6,33.9,35.0,36.6,39.9,40.6,39.5,37.1,38.8
F,OC1,EMP,PC,Y_GE50,SI,25.4,30.0,30.3,33.9,34.7,33.5,36.5,35.1,34.6,34.1,31.4,33.6
F,OC1,EMP,PC,Y_GE50,SK,25.5,30.7,33.9,32.5,34.4,30.3,29.2,31.3,32.7,30.1,31.4,33.9
F,OC1,EMP,PC,Y_GE50,TR,4.3,5.0,5.5,5.9,6.9,6.6,5.5,5.4,7.6,6.9,7.6,9.5
F,OC1,EMP,PC,Y_GE50,UK,30.7,31.4,33.3,33.3,32.3,33.6,34.0,34.5,35.1,35.8,33.7,34.7
F,OC1,EMP,PC,Y_GE65,AT,,,,,,,,,,,,
F,OC1,EMP,PC,Y_GE65,BE,39.2,25.3,20.4,,,,,,,34.7,40.7,30.6
F,OC1,EMP,PC,Y_GE65,BG,,,,,,,,,,,,
F,OC1,EMP,PC,Y_GE65,CH,,31.8,33.7,22.1,20.6,18.1,21.4,25.2,23.4,21.9,24.2,31.3
F,OC1,EMP,PC,Y_GE65,CY,,,,,,,,,,,,
F,OC1,EMP,PC,Y_GE65,CZ,21.1,16.4,8.6,15.0,18.2,17.5,17.6,18.4,12.4,25.5,22.9,13.9
F,OC1,EMP,PC,Y_GE65,DE,26.3,25.8,26.7,28.7,29.3,26.5,27.2,25.9,25.1,25.1,24.7,26.2
F,OC1,EMP,PC,Y_GE65,DK,,,,,,,,,,,,
F,OC1,EMP,PC,Y_GE65,EA19,28.6,28.0,29.9,24.6,24.4,23.0,22.5,23.3,24.9,24.1,23.6,24.2
F,OC1,EMP,PC,Y_GE65,EE,,,,,,,,,52.0,42.4,45.2,57.1
F,OC1,EMP,PC,Y_GE65,EL,22.0,27.7,28.8,20.0,,,,,,,,
F,OC1,EMP,PC,Y_GE65,ES,32.7,32.1,42.0,32.5,35.0,30.8,27.1,28.0,33.1,24.5,30.2,26.5
F,OC1,EMP,PC,Y_GE65,EU27_2020,27.9,27.1,28.5,23.9,24.5,23.0,22.3,23.4,23.9,24.5,23.3,24.5
F,OC1,EMP,PC,Y_GE65,EU28,27.0,27.2,28.8,25.1,26.6,25.1,24.8,25.6,27.0,26.9,25.7,27.4
F,OC1,EMP,PC,Y_GE65,FI,,,,,,,,,,,,
F,OC1,EMP,PC,Y_GE65,FR,46.1,32.8,39.3,,,18.9,19.8,22.7,21.9,25.6,23.9,18.4
F,OC1,EMP,PC,Y_GE65,HR,,,,,,,,,,,,
F,OC1,EMP,PC,Y_GE65,HU,,,,,,,,,,,,
F,OC1,EMP,PC,Y_GE65,IE,,27.8,29.4,,,,27.8,,,,22.3,
F,OC1,EMP,PC,Y_GE65,IS,,,,,,,,,,,,
F,OC1,EMP,PC,Y_GE65,IT,27.1,26.8,30.3,18.9,19.0,14.8,15.7,20.2,21.0,18.7,18.3,20.6
F,OC1,EMP,PC,Y_GE65,LT,,,,,,,,,52.1,43.4,38.9,46.6
F,OC1,EMP,PC,Y_GE65,LU,,,,,,,,,,,,
F,OC1,EMP,PC,Y_GE65,LV,34.3,64.3,,,,,,54.8,48.8,47.5,,
F,OC1,EMP,PC,Y_GE65,ME,,,,,,,,,,,,
F,OC1,EMP,PC,Y_GE65,MK,,,,,,,,,,,,
F,OC1,EMP,PC,Y_GE65,MT,,,,,,,,,,,,
F,OC1,EMP,PC,Y_GE65,NL,25.9,28.1,21.1,24.2,21.7,11.7,8.6,10.3,,14.3,11.8,13.9
F,OC1,EMP,PC,Y_GE65,NO,,,,23.5,30.0,18.8,18.2,8.3,15.2,,,
F,OC1,EMP,PC,Y_GE65,PL,,,,,33.1,30.7,22.4,23.8,18.8,25.5,20.2,28.6
F,OC1,EMP,PC,Y_GE65,PT,22.8,29.5,24.9,20.6,21.8,28.4,30.4,,27.8,28.5,,29.7
F,OC1,EMP,PC,Y_GE65,RO,,,,,,,,,,,,
F,OC1,EMP,PC,Y_GE65,RS,,,,,,,,,,,,
F,OC1,EMP,PC,Y_GE65,SE,,35.6,24.1,17.6,16.9,17.6,27.6,33.3,32.0,27.1,19.8,35.6
F,OC1,EMP,PC,Y_GE65,SI,,,,,,,42.1,,,,,
F,OC1,EMP,PC,Y_GE65,SK,,,,,,,,,,,,
F,OC1,EMP,PC,Y_GE65,TR,,4.3,6.9,6.5,3.8,4.4,,,,2.0,4.1,5.3
F,OC1,EMP,PC,Y_GE65,UK,23.6,27.7,29.6,28.1,30.5,28.7,29.6,29.7,32.7,31.0,29.8,32.5
F,OC1,EMP,PC,Y_GE75,AT,,,,,,,,,,,,
F,OC1,EMP,PC,Y_GE75,BE,,,,,,,,,,,,
F,OC1,EMP,PC,Y_GE75,BG,,,,,,,,,,,,
F,OC1,EMP,PC,Y_GE75,CH,,,,,,,,,,,,
F,OC1,EMP,PC,Y_GE75,CY,,,,,,,,,,,,
F,OC1,EMP,PC,Y_GE75,CZ,,,,,,,,,,,,
F,OC1,EMP,PC,Y_GE75,DE,,,37.6,,,,,,,,,
F,OC1,EMP,PC,Y_GE75,EA19,36.3,32.6,33.1,29.1,30.1,26.4,21.9,21.1,22.5,27.8,23.3,21.0
F,OC1,EMP,PC,Y_GE75,EL,,,,,,,,,,,,
F,OC1,EMP,PC,Y_GE75,ES,45.5,37.1,,37.5,54.7,,,,,,,
F,OC1,EMP,PC,Y_GE75,EU27_2020,35.9,32.1,32.0,28.8,29.1,24.6,21.8,22.1,23.2,28.0,23.2,21.3
F,OC1,EMP,PC,Y_GE75,EU28,33.9,30.2,30.9,23.5,33.1,26.2,22.9,25.6,23.5,28.2,26.2,25.5
F,OC1,EMP,PC,Y_GE75,FR,,,,,,34.8,,,,60.0,,
F,OC1,EMP,PC,Y_GE75,HR,,,,,,,,,,,,
F,OC1,EMP,PC,Y_GE75,IE,,,,,,,,,,,,
F,OC1,EMP,PC,Y_GE75,IT,26.2,33.1,32.3,,,,,14.0,,,11.8,10.4
F,OC1,EMP,PC,Y_GE75,LT,,,,,,,,,91.7,,,
F,OC1,EMP,PC,Y_GE75,LU,,,,,,,,,,,,
F,OC1,EMP,PC,Y_GE75,ME,,,,,,,,,,,,
F,OC1,EMP,PC,Y_GE75,NL,31.7,29.6,,,,,,,,,,
F,OC1,EMP,PC,Y_GE75,PL,,,,,,,,,,,,
F,OC1,EMP,PC,Y_GE75,PT,,,,,,,,,,,,
F,OC1,EMP,PC,Y_GE75,RS,,,,,,,,,,,,
F,OC1,EMP,PC,Y_GE75,SI,,,,,,,,,,,,
F,OC1,EMP,PC,Y_GE75,TR,,,,,,,,,,,,
F,OC1,EMP,PC,Y_GE75,UK,,,,,39.5,28.5,25.1,33.2,23.8,29.1,30.4,31.9
